"","datetime","thermo.depth"
"1",2015-05-14,1.88955793085803
"2",2015-05-15,1.76437428509058
"3",2015-05-16,1.81263607231692
"4",2015-05-17,1.58360613460715
"5",2015-05-18,1.39762400035535
"6",2015-05-19,1.55353249449984
"7",2015-05-20,1.86168181433927
"8",2015-05-21,2.09862044103834
"9",2015-05-22,2.40748369442409
"10",2015-05-23,2.51870125968387
"11",2015-05-24,2.47700480930441
"12",2015-05-25,2.49082625544588
"13",2015-05-26,2.38352619312139
"14",2015-05-27,2.2472849318227
"15",2015-05-28,2.10472790423356
"16",2015-05-29,1.93134358375611
"17",2015-05-30,1.99813864996821
"18",2015-05-31,2.33880397632818
"19",2015-06-01,2.46749565167239
"20",2015-06-02,2.56234685988709
"21",2015-06-03,2.53713493193458
"22",2015-06-04,2.47444684468755
"23",2015-06-05,2.4871116308896
"24",2015-06-06,2.50990105103513
"25",2015-06-07,2.52114967334538
"26",2015-06-08,2.55627777378987
"27",2015-06-09,2.54975426568608
"28",2015-06-10,2.50242470601703
"29",2015-06-11,2.52063412552429
"30",2015-06-12,2.53955469161603
"31",2015-06-13,2.50079591672314
"32",2015-06-14,2.46817560909878
"33",2015-06-15,2.48324567050157
"34",2015-06-16,2.51323890559877
"35",2015-06-17,2.50389742008813
"36",2015-06-18,2.47372220821873
"37",2015-06-19,2.51438555880831
"38",2015-06-20,2.50379858445076
"39",2015-06-21,2.502151292777
"40",2015-06-22,2.47762359984446
"41",2015-06-23,2.53998696405895
"42",2015-06-24,2.57103328325247
"43",2015-06-25,2.57467537445061
"44",2015-06-26,2.58114050444787
"45",2015-06-27,2.56984035932004
"46",2015-06-28,2.61305223632037
"47",2015-06-29,2.63617097969276
"48",2015-06-30,2.60774892050327
"49",2015-07-01,2.65363397665167
"50",2015-07-02,2.69394038064245
"51",2015-07-03,2.66292800901439
"52",2015-07-04,2.62680948873146
"53",2015-07-05,2.61212855066357
"54",2015-07-06,2.56605149734652
"55",2015-07-07,2.5398509866757
"56",2015-07-08,2.56083490396486
"57",2015-07-09,2.58950748888114
"58",2015-07-10,2.59181428421801
"59",2015-07-11,2.58398535338934
"60",2015-07-12,2.54173572571826
"61",2015-07-13,2.52212498798401
"62",2015-07-14,2.54946520715543
"63",2015-07-15,2.62832764460196
"64",2015-07-16,2.6376637241399
"65",2015-07-17,2.65044642216695
"66",2015-07-18,2.67606426398121
"67",2015-07-19,2.66081454558629
"68",2015-07-20,2.64312013202751
"69",2015-07-21,2.68010432023149
"70",2015-07-22,2.7380291176064
"71",2015-07-23,2.78896113993024
"72",2015-07-24,2.8081216892296
"73",2015-07-25,2.83022028680601
"74",2015-07-26,2.78850770134898
"75",2015-07-27,2.72850012962825
"76",2015-07-28,2.68016946686146
"77",2015-07-29,2.59183977458786
"78",2015-07-30,2.64324204332787
"79",2015-07-31,2.69538096095564
"80",2015-08-01,2.71906642744197
"81",2015-08-02,2.7452667354766
"82",2015-08-03,2.8211140485981
"83",2015-08-04,2.8608998873549
"84",2015-08-05,2.94089141206301
"85",2015-08-06,3.18158260253057
"86",2015-08-07,3.2708710818482
"87",2015-08-08,3.2873985136102
"88",2015-08-09,3.29573982510559
"89",2015-08-10,3.25960264749706
"90",2015-08-11,3.31041864713516
"91",2015-08-12,3.39317957480354
"92",2015-08-13,3.42395555914787
"93",2015-08-14,3.39518193525319
"94",2015-08-15,3.38011267805151
"95",2015-08-16,3.35125717672371
"96",2015-08-17,3.31902630180477
"97",2015-08-18,3.28465787216689
"98",2015-08-19,3.22319505083512
"99",2015-08-20,3.10885170229628
"100",2015-08-21,3.00535966419194
"101",2015-08-22,2.96385891591104
"102",2015-08-23,2.92637072829683
"103",2015-08-24,2.9575661936634
"104",2015-08-25,3.08829876970909
"105",2015-08-26,3.24703031615549
"106",2015-08-27,3.35745293956256
"107",2015-08-28,3.4150086471515
"108",2015-08-29,3.46513147287026
"109",2015-08-30,3.48034444523833
"110",2015-08-31,3.50971212402768
"111",2015-09-01,3.485700785729
"112",2015-09-02,3.46991246571129
"113",2015-09-03,3.43645436276474
"114",2015-09-04,3.44867465405818
"115",2015-09-05,3.44781722838541
"116",2015-09-06,3.4170450568776
"117",2015-09-07,3.36646554814195
"118",2015-09-08,3.34068758648383
"119",2015-09-09,3.34648168395691
"120",2015-09-10,3.36193981957412
"121",2015-09-11,3.42767758792703
"122",2015-09-12,3.57043232111975
"123",2015-09-13,3.63394474351628
"124",2015-09-14,3.67020772816849
"125",2015-09-15,3.66976444047379
"126",2015-09-16,3.65314772249845
"127",2015-09-17,3.6321115253914
"128",2015-09-18,3.60913960576205
"129",2015-09-19,3.61559777996054
"130",2015-09-20,3.69800282398728
"131",2015-09-21,3.72910334238399
"132",2015-09-22,3.76381080875762
"133",2015-09-23,3.8274578862765
"134",2015-09-24,3.96219117411142
"135",2015-09-25,4.26426230089992
"136",2015-09-26,4.41335285619357
"137",2015-09-27,4.46785976756758
"138",2015-09-28,4.49722346498742
"139",2015-09-29,4.51936402721523
"140",2015-09-30,4.68342432937024
"141",2015-10-01,4.88794923736027
"142",2015-10-02,5.44271430682147
"143",2015-10-03,5.5720904057577
"144",2015-10-04,5.59771122925646
"145",2015-10-05,5.62462179862912
"146",2015-10-06,5.61983672997259
"147",2015-10-07,5.65631706261909
"148",2015-10-08,5.70297822308965
"149",2015-10-09,6.23093672496752
"150",2015-10-10,6.4943748439023
"151",2015-10-11,6.56656096545309
"152",2015-10-12,6.56796776356159
"153",2015-10-13,6.57064311375939
"154",2015-10-14,6.61926422747837
"155",2015-10-15,6.7496725400177
"156",2015-10-16,6.99511929930619
"157",2015-10-17,7.51681832449744
"158",2015-10-18,7.89579833138515
"159",2015-10-19,8.54828182942667
"160",2015-10-20,9.5
"161",2015-10-21,9.5
"162",2015-10-22,NA
"163",2015-10-23,NA
"164",2015-10-24,NA
"165",2015-10-25,NA
"166",2015-10-26,NA
"167",2015-10-27,NA
"168",2015-10-28,NA
"169",2015-10-29,NA
"170",2015-10-30,NA
"171",2015-10-31,NA
"172",2015-11-01,NA
"173",2015-11-02,NA
"174",2015-11-03,NA
"175",2015-11-04,NA
"176",2015-11-05,NA
"177",2015-11-06,NA
"178",2015-11-07,NA
"179",2015-11-08,NA
"180",2015-11-09,NA
"181",2015-11-10,NA
"182",2015-11-11,NA
"183",2015-11-12,NA
"184",2015-11-13,NA
"185",2015-11-14,NA
"186",2015-11-15,NA
"187",2015-11-16,NA
"188",2015-11-17,NA
"189",2015-11-18,NA
"190",2015-11-19,NA
"191",2015-11-20,NA
"192",2015-11-21,NA
"193",2015-11-22,NA
"194",2015-11-23,NA
"195",2015-11-24,NA
"196",2015-11-25,NA
"197",2015-11-26,NA
"198",2015-11-27,NA
"199",2015-11-28,1.35074481545888
"200",2015-11-29,0.5
"201",2015-11-30,0.5
"202",2015-12-01,0.5
"203",2015-12-02,0.5
"204",2015-12-03,0.5
"205",2015-12-04,0.5
"206",2015-12-05,0.5
"207",2015-12-06,0.5
"208",2015-12-07,0.5
"209",2015-12-08,0.5
"210",2015-12-09,0.5
"211",2015-12-10,0.5
"212",2015-12-11,0.5
"213",2015-12-12,0.5
"214",2015-12-13,0.5
"215",2015-12-14,0.5
"216",2015-12-15,0.5
"217",2015-12-16,0.5
"218",2015-12-17,0.5
"219",2015-12-18,0.5
"220",2015-12-19,0.5
"221",2015-12-20,0.5
"222",2015-12-21,0.5
"223",2015-12-22,0.5
"224",2015-12-23,0.5
"225",2015-12-24,0.5
"226",2015-12-25,0.5
"227",2015-12-26,0.5
"228",2015-12-27,0.5
"229",2015-12-28,0.5
"230",2015-12-29,0.5
"231",2015-12-30,0.5
"232",2015-12-31,0.5
"233",2016-01-01,0.5
"234",2016-01-02,0.5
"235",2016-01-03,0.5
"236",2016-01-04,0.5
"237",2016-01-05,0.5
"238",2016-01-06,0.5
"239",2016-01-07,0.5
"240",2016-01-08,0.5
"241",2016-01-09,0.5
"242",2016-01-10,0.5
"243",2016-01-11,0.5
"244",2016-01-12,0.5
"245",2016-01-13,0.5
"246",2016-01-14,0.5
"247",2016-01-15,0.5
"248",2016-01-16,0.5
"249",2016-01-17,0.5
"250",2016-01-18,0.5
"251",2016-01-19,0.5
"252",2016-01-20,0.5
"253",2016-01-21,0.5
"254",2016-01-22,0.5
"255",2016-01-23,0.5
"256",2016-01-24,0.5
"257",2016-01-25,0.5
"258",2016-01-26,0.5
"259",2016-01-27,0.5
"260",2016-01-28,0.5
"261",2016-01-29,0.5
"262",2016-01-30,0.5
"263",2016-01-31,0.5
"264",2016-02-01,0.5
"265",2016-02-02,0.5
"266",2016-02-03,0.5
"267",2016-02-04,0.5
"268",2016-02-05,0.5
"269",2016-02-06,0.5
"270",2016-02-07,0.5
"271",2016-02-08,0.5
"272",2016-02-09,0.5
"273",2016-02-10,0.5
"274",2016-02-11,0.5
"275",2016-02-12,0.5
"276",2016-02-13,0.5
"277",2016-02-14,0.5
"278",2016-02-15,0.5
"279",2016-02-16,0.5
"280",2016-02-17,0.5
"281",2016-02-18,0.5
"282",2016-02-19,0.5
"283",2016-02-20,0.5
"284",2016-02-21,0.5
"285",2016-02-22,0.5
"286",2016-02-23,0.5
"287",2016-02-24,0.5
"288",2016-02-25,0.5
"289",2016-02-26,0.5
"290",2016-02-27,0.5
"291",2016-02-28,0.5
"292",2016-02-29,0.5
"293",2016-03-01,0.5
"294",2016-03-02,0.5
"295",2016-03-03,0.5
"296",2016-03-04,0.5
"297",2016-03-05,0.5
"298",2016-03-06,0.5
"299",2016-03-07,0.5
"300",2016-03-08,0.5
"301",2016-03-09,0.5
"302",2016-03-10,0.5
"303",2016-03-11,0.5
"304",2016-03-12,0.5
"305",2016-03-13,0.5
"306",2016-03-14,0.5
"307",2016-03-15,0.5
"308",2016-03-16,0.5
"309",2016-03-17,0.5
"310",2016-03-18,0.5
"311",2016-03-19,0.5
"312",2016-03-20,0.5
"313",2016-03-21,0.5
"314",2016-03-22,0.5
"315",2016-03-23,0.5
"316",2016-03-24,0.5
"317",2016-03-25,0.5
"318",2016-03-26,0.5
"319",2016-03-27,0.5
"320",2016-03-28,0.5
"321",2016-03-29,0.5
"322",2016-03-30,0.5
"323",2016-03-31,0.5
"324",2016-04-01,0.5
"325",2016-04-02,0.5
"326",2016-04-03,0.5
"327",2016-04-04,0.5
"328",2016-04-05,0.5
"329",2016-04-06,0.5
"330",2016-04-07,0.5
"331",2016-04-08,0.5
"332",2016-04-09,0.5
"333",2016-04-10,0.5
"334",2016-04-11,0.5
"335",2016-04-12,0.5
"336",2016-04-13,0.5
"337",2016-04-14,0.5
"338",2016-04-15,0.5
"339",2016-04-16,0.5
"340",2016-04-17,0.5
"341",2016-04-18,0.5
"342",2016-04-19,0.5
"343",2016-04-20,0.5
"344",2016-04-21,0.5
"345",2016-04-22,0.5
"346",2016-04-23,0.5
"347",2016-04-24,0.5
"348",2016-04-25,0.5
"349",2016-04-26,0.5
"350",2016-04-27,0.5
"351",2016-04-28,0.5
"352",2016-04-29,0.5
"353",2016-04-30,0.5
"354",2016-05-01,0.5
"355",2016-05-02,0.5
"356",2016-05-03,0.5
"357",2016-05-04,NA
"358",2016-05-05,1.52803103263384
"359",2016-05-06,1.28970565446783
"360",2016-05-07,1.22064235545221
"361",2016-05-08,1.57066273442812
"362",2016-05-09,2.19330845247297
"363",2016-05-10,1.70750083491189
"364",2016-05-11,1.55016059164165
"365",2016-05-12,1.24691208605744
"366",2016-05-13,1.44576418072167
"367",2016-05-14,1.50022411499622
"368",2016-05-15,1.79501368040232
"369",2016-05-16,2.5067746564953
"370",2016-05-17,2.557349641506
"371",2016-05-18,2.46070691655973
"372",2016-05-19,2.32421853550052
"373",2016-05-20,1.79507514327312
"374",2016-05-21,1.28907745653019
"375",2016-05-22,1.41965592923146
"376",2016-05-23,1.45134685538378
"377",2016-05-24,1.49123416586237
"378",2016-05-25,1.60563401746937
"379",2016-05-26,1.61089464310519
"380",2016-05-27,1.58755442370987
"381",2016-05-28,1.56681963463424
"382",2016-05-29,1.57459064456424
"383",2016-05-30,1.60452687333728
"384",2016-05-31,1.66534282209861
"385",2016-06-01,1.69781725555137
"386",2016-06-02,1.78577251874047
"387",2016-06-03,1.79193745831694
"388",2016-06-04,1.79312281040977
"389",2016-06-05,2.1989740684638
"390",2016-06-06,2.33716135967777
"391",2016-06-07,2.36940261479514
"392",2016-06-08,2.52927390568312
"393",2016-06-09,2.58685999230219
"394",2016-06-10,2.58665847235754
"395",2016-06-11,2.60509657425942
"396",2016-06-12,2.70665905995149
"397",2016-06-13,2.6686366532551
"398",2016-06-14,2.59406852806813
"399",2016-06-15,2.4826603694786
"400",2016-06-16,2.29605828621351
"401",2016-06-17,2.04285790241201
"402",2016-06-18,1.84139072045509
"403",2016-06-19,1.75929814211821
"404",2016-06-20,1.79104650482542
"405",2016-06-21,2.11869236886346
"406",2016-06-22,2.25361621488495
"407",2016-06-23,2.38605962343995
"408",2016-06-24,2.37849680256125
"409",2016-06-25,2.3140731391598
"410",2016-06-26,2.22366598117927
"411",2016-06-27,2.36491361967774
"412",2016-06-28,2.32665045776434
"413",2016-06-29,2.43950030060856
"414",2016-06-30,2.43243969546102
"415",2016-07-01,2.46708855863543
"416",2016-07-02,2.5760058640383
"417",2016-07-03,2.59297540056922
"418",2016-07-04,2.58491888137339
"419",2016-07-05,2.56193131335346
"420",2016-07-06,2.52572248250122
"421",2016-07-07,2.55266175665826
"422",2016-07-08,2.58883621577714
"423",2016-07-09,2.64713255518576
"424",2016-07-10,2.70557406173035
"425",2016-07-11,2.6597197103114
"426",2016-07-12,2.60266801379694
"427",2016-07-13,2.50233837949745
"428",2016-07-14,2.51040483416224
"429",2016-07-15,2.52473760369301
"430",2016-07-16,2.55098059655196
"431",2016-07-17,2.53921645212208
"432",2016-07-18,2.59066200111743
"433",2016-07-19,2.64347507483592
"434",2016-07-20,2.66090725839643
"435",2016-07-21,2.63715642619066
"436",2016-07-22,2.63110433135307
"437",2016-07-23,2.62933035097895
"438",2016-07-24,2.62133354425364
"439",2016-07-25,2.65282813062165
"440",2016-07-26,2.6558844943337
"441",2016-07-27,2.63135509337576
"442",2016-07-28,2.63256350173911
"443",2016-07-29,2.66054573133101
"444",2016-07-30,2.66874601983074
"445",2016-07-31,2.65273297310083
"446",2016-08-01,2.6611085522484
"447",2016-08-02,2.66634901588036
"448",2016-08-03,2.67090177096947
"449",2016-08-04,2.66008773389016
"450",2016-08-05,2.65466325893785
"451",2016-08-06,2.67689292412319
"452",2016-08-07,2.72596080621995
"453",2016-08-08,2.79672457636617
"454",2016-08-09,2.78413672608582
"455",2016-08-10,2.75582311765032
"456",2016-08-11,2.71799420098862
"457",2016-08-12,2.82002027127057
"458",2016-08-13,3.07158565977833
"459",2016-08-14,3.17886166994027
"460",2016-08-15,3.12776597633152
"461",2016-08-16,3.21567562733081
"462",2016-08-17,3.14063180428336
"463",2016-08-18,3.06894149706164
"464",2016-08-19,3.0013380383173
"465",2016-08-20,2.9410219141762
"466",2016-08-21,3.165933320141
"467",2016-08-22,3.39767120093979
"468",2016-08-23,3.44448422151523
"469",2016-08-24,3.4026794103906
"470",2016-08-25,3.36809150364946
"471",2016-08-26,3.3195898677718
"472",2016-08-27,3.29089671342834
"473",2016-08-28,3.31780048571347
"474",2016-08-29,3.40088343765044
"475",2016-08-30,3.41937968864654
"476",2016-08-31,3.43706539904235
"477",2016-09-01,3.4937964460634
"478",2016-09-02,3.5361055421209
"479",2016-09-03,3.54641922659895
"480",2016-09-04,3.53414307440243
"481",2016-09-05,3.52458982982465
"482",2016-09-06,3.5069573286918
"483",2016-09-07,3.48777483355483
"484",2016-09-08,3.47847944722724
"485",2016-09-09,3.44415551068972
"486",2016-09-10,3.45301426184898
"487",2016-09-11,3.59771227781245
"488",2016-09-12,3.63932884364517
"489",2016-09-13,3.65242035717399
"490",2016-09-14,3.69955245208735
"491",2016-09-15,3.75735874543324
"492",2016-09-16,3.77681789335128
"493",2016-09-17,3.83003582053723
"494",2016-09-18,3.82137537479776
"495",2016-09-19,3.81005696879498
"496",2016-09-20,3.78687497313831
"497",2016-09-21,3.77222107681737
"498",2016-09-22,3.82466033338689
"499",2016-09-23,4.06847372538783
"500",2016-09-24,4.38940853774045
"501",2016-09-25,4.51227110865405
"502",2016-09-26,4.53806096770666
"503",2016-09-27,4.54245518411271
"504",2016-09-28,4.59455759687732
"505",2016-09-29,4.64947931190053
"506",2016-09-30,4.69180892721664
"507",2016-10-01,4.72958933269562
"508",2016-10-02,4.81158612619915
"509",2016-10-03,4.90387421469667
"510",2016-10-04,4.99545840132574
"511",2016-10-05,5.03932105939272
"512",2016-10-06,5.05615639501984
"513",2016-10-07,5.06516823667621
"514",2016-10-08,4.97023170118262
"515",2016-10-09,5.38374170155744
"516",2016-10-10,5.56375969056334
"517",2016-10-11,5.60604726402931
"518",2016-10-12,5.61731643920668
"519",2016-10-13,5.80055999135071
"520",2016-10-14,6.12477537604549
"521",2016-10-15,6.36020005992086
"522",2016-10-16,6.49906494520568
"523",2016-10-17,6.52591477966878
"524",2016-10-18,6.55497041321291
"525",2016-10-19,6.5932858094472
"526",2016-10-20,6.63818732607615
"527",2016-10-21,7.2965160512497
"528",2016-10-22,7.61965199240831
"529",2016-10-23,9.5
"530",2016-10-24,NA
"531",2016-10-25,NA
"532",2016-10-26,NA
"533",2016-10-27,NA
"534",2016-10-28,NA
"535",2016-10-29,NA
"536",2016-10-30,NA
"537",2016-10-31,NA
"538",2016-11-01,NA
"539",2016-11-02,NA
"540",2016-11-03,NA
"541",2016-11-04,NA
"542",2016-11-05,NA
"543",2016-11-06,NA
"544",2016-11-07,NA
"545",2016-11-08,NA
"546",2016-11-09,NA
"547",2016-11-10,NA
"548",2016-11-11,NA
"549",2016-11-12,NA
"550",2016-11-13,NA
"551",2016-11-14,NA
"552",2016-11-15,NA
"553",2016-11-16,NA
"554",2016-11-17,NA
"555",2016-11-18,NA
"556",2016-11-19,NA
"557",2016-11-20,NA
"558",2016-11-21,NA
"559",2016-11-22,NA
"560",2016-11-23,NA
"561",2016-11-24,NA
"562",2016-11-25,NA
"563",2016-11-26,NA
"564",2016-11-27,NA
"565",2016-11-28,0.5
"566",2016-11-29,1.49583722377505
"567",2016-11-30,2.37267722001385
"568",2016-12-01,4.49990286820433
"569",2016-12-02,5.50491798366806
"570",2016-12-03,5.2895019536928
"571",2016-12-04,0.5
"572",2016-12-05,0.5
"573",2016-12-06,0.5
"574",2016-12-07,0.5
"575",2016-12-08,0.5
"576",2016-12-09,0.5
"577",2016-12-10,0.5
"578",2016-12-11,0.5
"579",2016-12-12,0.5
"580",2016-12-13,0.5
"581",2016-12-14,0.5
"582",2016-12-15,0.5
"583",2016-12-16,0.5
"584",2016-12-17,0.5
"585",2016-12-18,0.5
"586",2016-12-19,0.5
"587",2016-12-20,0.5
"588",2016-12-21,0.5
"589",2016-12-22,0.5
"590",2016-12-23,0.5
"591",2016-12-24,0.5
"592",2016-12-25,0.5
"593",2016-12-26,0.5
"594",2016-12-27,0.5
"595",2016-12-28,0.5
"596",2016-12-29,0.5
"597",2016-12-30,0.5
"598",2016-12-31,0.5
"599",2017-01-01,0.5
"600",2017-01-02,0.5
"601",2017-01-03,0.5
"602",2017-01-04,0.5
"603",2017-01-05,0.5
"604",2017-01-06,0.5
"605",2017-01-07,0.5
"606",2017-01-08,0.5
"607",2017-01-09,0.5
"608",2017-01-10,0.5
"609",2017-01-11,0.5
"610",2017-01-12,0.5
"611",2017-01-13,0.5
"612",2017-01-14,0.5
"613",2017-01-15,0.5
"614",2017-01-16,0.5
"615",2017-01-17,0.5
"616",2017-01-18,0.5
"617",2017-01-19,0.5
"618",2017-01-20,0.5
"619",2017-01-21,0.5
"620",2017-01-22,0.5
"621",2017-01-23,0.5
"622",2017-01-24,0.5
"623",2017-01-25,0.5
"624",2017-01-26,0.5
"625",2017-01-27,0.5
"626",2017-01-28,0.5
"627",2017-01-29,0.5
"628",2017-01-30,0.5
"629",2017-01-31,0.5
"630",2017-02-01,0.5
"631",2017-02-02,0.5
"632",2017-02-03,0.5
"633",2017-02-04,0.5
"634",2017-02-05,0.5
"635",2017-02-06,0.5
"636",2017-02-07,0.5
"637",2017-02-08,0.5
"638",2017-02-09,0.5
"639",2017-02-10,0.5
"640",2017-02-11,0.5
"641",2017-02-12,0.5
"642",2017-02-13,0.5
"643",2017-02-14,0.5
"644",2017-02-15,0.5
"645",2017-02-16,0.5
"646",2017-02-17,0.5
"647",2017-02-18,0.5
"648",2017-02-19,0.5
"649",2017-02-20,0.5
"650",2017-02-21,0.5
"651",2017-02-22,0.5
"652",2017-02-23,0.5
"653",2017-02-24,0.5
"654",2017-02-25,0.5
"655",2017-02-26,0.5
"656",2017-02-27,0.5
"657",2017-02-28,0.5
"658",2017-03-01,0.5
"659",2017-03-02,0.5
"660",2017-03-03,0.5
"661",2017-03-04,0.5
"662",2017-03-05,0.5
"663",2017-03-06,0.5
"664",2017-03-07,0.5
"665",2017-03-08,0.5
"666",2017-03-09,0.5
"667",2017-03-10,0.5
"668",2017-03-11,0.5
"669",2017-03-12,0.5
"670",2017-03-13,0.5
"671",2017-03-14,0.5
"672",2017-03-15,0.5
"673",2017-03-16,0.5
"674",2017-03-17,0.5
"675",2017-03-18,0.5
"676",2017-03-19,0.5
"677",2017-03-20,0.5
"678",2017-03-21,0.5
"679",2017-03-22,0.5
"680",2017-03-23,0.5
"681",2017-03-24,0.5
"682",2017-03-25,0.5
"683",2017-03-26,0.5
"684",2017-03-27,0.5
"685",2017-03-28,0.5
"686",2017-03-29,0.5
"687",2017-03-30,0.5
"688",2017-03-31,0.5
"689",2017-04-01,0.5
"690",2017-04-02,0.5
"691",2017-04-03,0.5
"692",2017-04-04,0.5
"693",2017-04-05,0.5
"694",2017-04-06,0.5
"695",2017-04-07,0.5
"696",2017-04-08,0.5
"697",2017-04-09,0.5
"698",2017-04-10,0.5
"699",2017-04-11,0.5
"700",2017-04-12,0.5
"701",2017-04-13,0.5
"702",2017-04-14,0.5
"703",2017-04-15,0.5
"704",2017-04-16,0.5
"705",2017-04-17,0.5
"706",2017-04-18,0.5
"707",2017-04-19,0.5
"708",2017-04-20,0.5
"709",2017-04-21,0.5
"710",2017-04-22,0.5
"711",2017-04-23,0.5
"712",2017-04-24,0.5
"713",2017-04-25,0.5
"714",2017-04-26,0.5
"715",2017-04-27,NA
"716",2017-04-28,1.48320540770741
"717",2017-04-29,1.52978542695163
"718",2017-04-30,1.61979635493671
"719",2017-05-01,2.4965359352777
"720",2017-05-02,1.80920622726166
"721",2017-05-03,2.49085571905427
"722",2017-05-04,2.26371051851106
"723",2017-05-05,2.49562609789964
"724",2017-05-06,2.47828293051707
"725",2017-05-07,2.54302191304102
"726",2017-05-08,2.6228595258469
"727",2017-05-09,2.62742336820709
"728",2017-05-10,2.62563706211993
"729",2017-05-11,2.50521397006752
"730",2017-05-12,2.21734315730876
"731",2017-05-13,1.71723034126791
"732",2017-05-14,1.97223608847204
"733",2017-05-15,1.77249777014192
"734",2017-05-16,1.58802234541535
"735",2017-05-17,1.43747862183388
"736",2017-05-18,1.37995308158257
"737",2017-05-19,1.62149375049426
"738",2017-05-20,1.65124562353438
"739",2017-05-21,1.72066289093206
"740",2017-05-22,2.12213762392612
"741",2017-05-23,2.20174692951547
"742",2017-05-24,1.96152316935438
"743",2017-05-25,2.16680416207322
"744",2017-05-26,2.42404168900683
"745",2017-05-27,2.35164089984747
"746",2017-05-28,2.21100784729358
"747",2017-05-29,2.38691084273441
"748",2017-05-30,2.4389296121382
"749",2017-05-31,2.43063224545649
"750",2017-06-01,2.46418621030532
"751",2017-06-02,2.53668756772178
"752",2017-06-03,2.56974028598156
"753",2017-06-04,2.52461144770848
"754",2017-06-05,2.59089658316549
"755",2017-06-06,2.61702493810591
"756",2017-06-07,2.53832890244176
"757",2017-06-08,2.42058341190474
"758",2017-06-09,2.23352567100488
"759",2017-06-10,1.94798820688856
"760",2017-06-11,1.7638291922177
"761",2017-06-12,1.70956857268718
"762",2017-06-13,1.76803650873911
"763",2017-06-14,1.84823226717167
"764",2017-06-15,2.01881059261782
"765",2017-06-16,2.37630727189617
"766",2017-06-17,2.36902686014593
"767",2017-06-18,2.23587088438062
"768",2017-06-19,2.16154667532706
"769",2017-06-20,2.27999921919484
"770",2017-06-21,2.42142053700777
"771",2017-06-22,2.45973999742556
"772",2017-06-23,2.50020699821894
"773",2017-06-24,2.48751692161489
"774",2017-06-25,2.5030923361881
"775",2017-06-26,2.51694181535635
"776",2017-06-27,2.55178277483167
"777",2017-06-28,2.56404902654034
"778",2017-06-29,2.5760233781934
"779",2017-06-30,2.59108621665648
"780",2017-07-01,2.60252150115773
"781",2017-07-02,2.5840491181844
"782",2017-07-03,2.59520615590543
"783",2017-07-04,2.60038746092431
"784",2017-07-05,2.57316925240953
"785",2017-07-06,2.55183560539686
"786",2017-07-07,2.55762734195807
"787",2017-07-08,2.58479011215247
"788",2017-07-09,2.60846764650584
"789",2017-07-10,2.61644542553794
"790",2017-07-11,2.60946442477309
"791",2017-07-12,2.63756355498205
"792",2017-07-13,2.63625252844038
"793",2017-07-14,2.65238933499776
"794",2017-07-15,2.63148128040329
"795",2017-07-16,2.60462857619133
"796",2017-07-17,2.59318454820669
"797",2017-07-18,2.56545553270629
"798",2017-07-19,2.56422337587994
"799",2017-07-20,2.55419845318737
"800",2017-07-21,2.57334344203225
"801",2017-07-22,2.59521902941094
"802",2017-07-23,2.61066668031585
"803",2017-07-24,2.70713037866262
"804",2017-07-25,2.72835423069768
"805",2017-07-26,2.75862929808019
"806",2017-07-27,2.78149531329927
"807",2017-07-28,2.78956155189547
"808",2017-07-29,2.79706103337995
"809",2017-07-30,2.76707214645151
"810",2017-07-31,2.74985460261139
"811",2017-08-01,2.72230068764483
"812",2017-08-02,2.69249642858252
"813",2017-08-03,2.68450329533476
"814",2017-08-04,2.6745419449577
"815",2017-08-05,2.76194360437014
"816",2017-08-06,3.07908426040169
"817",2017-08-07,3.18176573934368
"818",2017-08-08,3.23153771842923
"819",2017-08-09,3.25526334242505
"820",2017-08-10,3.21907464318727
"821",2017-08-11,3.18276723764922
"822",2017-08-12,3.14491782590829
"823",2017-08-13,3.09905865813882
"824",2017-08-14,3.01736185217113
"825",2017-08-15,2.97193602384342
"826",2017-08-16,3.17696634886324
"827",2017-08-17,3.20285915939872
"828",2017-08-18,3.37919590646235
"829",2017-08-19,3.4002278767991
"830",2017-08-20,3.38348844299315
"831",2017-08-21,3.33378691708016
"832",2017-08-22,3.36839998618076
"833",2017-08-23,3.46101694627407
"834",2017-08-24,3.52743183382737
"835",2017-08-25,3.56146443180137
"836",2017-08-26,3.58190628855497
"837",2017-08-27,3.59880694864749
"838",2017-08-28,3.59531747519254
"839",2017-08-29,3.58271310487466
"840",2017-08-30,3.57502094687664
"841",2017-08-31,3.63995264235187
"842",2017-09-01,3.73859429695627
"843",2017-09-02,3.75972858212361
"844",2017-09-03,3.9528199674694
"845",2017-09-04,4.18074638224701
"846",2017-09-05,4.17127201680058
"847",2017-09-06,4.16044988903286
"848",2017-09-07,4.12033865412572
"849",2017-09-08,4.04143785722901
"850",2017-09-09,4.19011719092947
"851",2017-09-10,4.25810793744128
"852",2017-09-11,4.21968546842876
"853",2017-09-12,4.19778677402381
"854",2017-09-13,4.17771448880181
"855",2017-09-14,4.15156837047644
"856",2017-09-15,4.12219253455324
"857",2017-09-16,4.08812468670844
"858",2017-09-17,4.04938793632945
"859",2017-09-18,4.00408507758042
"860",2017-09-19,3.83577391461048
"861",2017-09-20,3.35389019581488
"862",2017-09-21,2.93941068884485
"863",2017-09-22,2.91396943099724
"864",2017-09-23,2.87186452960941
"865",2017-09-24,2.81778260193694
"866",2017-09-25,2.71532911160165
"867",2017-09-26,2.55536792699938
"868",2017-09-27,2.68228456222454
"869",2017-09-28,3.51288030862883
"870",2017-09-29,3.73729227459089
"871",2017-09-30,3.89530410851652
"872",2017-10-01,4.32952365323844
"873",2017-10-02,4.41497662219472
"874",2017-10-03,4.44443712894718
"875",2017-10-04,4.48389056410213
"876",2017-10-05,4.54166720339472
"877",2017-10-06,4.59208131331412
"878",2017-10-07,4.63401915583511
"879",2017-10-08,4.63168821511465
"880",2017-10-09,4.62330895245198
"881",2017-10-10,4.63411667454846
"882",2017-10-11,4.70763208219092
"883",2017-10-12,4.82746479714585
"884",2017-10-13,5.12800001146597
"885",2017-10-14,5.35401376559045
"886",2017-10-15,5.5238131557728
"887",2017-10-16,5.70318320323103
"888",2017-10-17,6.24936859649356
"889",2017-10-18,6.40209953273628
"890",2017-10-19,6.54729566871542
"891",2017-10-20,6.60464872295758
"892",2017-10-21,6.6060512228052
"893",2017-10-22,6.60817889564717
"894",2017-10-23,6.61098216478749
"895",2017-10-24,6.61491464122201
"896",2017-10-25,6.61882006534343
"897",2017-10-26,6.59446676314212
"898",2017-10-27,6.67671144976607
"899",2017-10-28,6.7516270388719
"900",2017-10-29,7.20795194482046
"901",2017-10-30,8.31357586554179
"902",2017-10-31,9.5
"903",2017-11-01,9.5
"904",2017-11-02,NA
"905",2017-11-03,NA
"906",2017-11-04,NA
"907",2017-11-05,NA
"908",2017-11-06,NA
"909",2017-11-07,NA
"910",2017-11-08,NA
"911",2017-11-09,NA
"912",2017-11-10,NA
"913",2017-11-11,NA
"914",2017-11-12,NA
"915",2017-11-13,NA
"916",2017-11-14,NA
"917",2017-11-15,NA
"918",2017-11-16,NA
"919",2017-11-17,NA
"920",2017-11-18,NA
"921",2017-11-19,NA
"922",2017-11-20,NA
"923",2017-11-21,3.34278760747631
"924",2017-11-22,3.3689993563049
"925",2017-11-23,1.48236925518947
"926",2017-11-24,2.50378050863859
"927",2017-11-25,3.39851201891627
"928",2017-11-26,1.62106097306504
"929",2017-11-27,0.5
"930",2017-11-28,0.5
"931",2017-11-29,0.5
"932",2017-11-30,0.5
"933",2017-12-01,0.5
"934",2017-12-02,0.5
"935",2017-12-03,0.5
"936",2017-12-04,0.5
"937",2017-12-05,0.5
"938",2017-12-06,0.5
"939",2017-12-07,0.5
"940",2017-12-08,0.5
"941",2017-12-09,0.5
"942",2017-12-10,0.5
"943",2017-12-11,0.5
"944",2017-12-12,0.5
"945",2017-12-13,0.5
"946",2017-12-14,0.5
"947",2017-12-15,0.5
"948",2017-12-16,0.5
"949",2017-12-17,0.5
"950",2017-12-18,0.5
"951",2017-12-19,0.5
"952",2017-12-20,0.5
"953",2017-12-21,0.5
"954",2017-12-22,0.5
"955",2017-12-23,0.5
"956",2017-12-24,0.5
"957",2017-12-25,0.5
"958",2017-12-26,0.5
"959",2017-12-27,0.5
"960",2017-12-28,0.5
"961",2017-12-29,0.5
"962",2017-12-30,0.5
"963",2017-12-31,0.5
"964",2018-01-01,0.5
"965",2018-01-02,0.5
"966",2018-01-03,0.5
"967",2018-01-04,0.5
"968",2018-01-05,0.5
"969",2018-01-06,0.5
"970",2018-01-07,0.5
"971",2018-01-08,0.5
"972",2018-01-09,0.5
"973",2018-01-10,0.5
"974",2018-01-11,0.5
"975",2018-01-12,0.5
"976",2018-01-13,0.5
"977",2018-01-14,0.5
"978",2018-01-15,0.5
"979",2018-01-16,0.5
"980",2018-01-17,0.5
"981",2018-01-18,0.5
"982",2018-01-19,0.5
"983",2018-01-20,0.5
"984",2018-01-21,0.5
"985",2018-01-22,0.5
"986",2018-01-23,0.5
"987",2018-01-24,0.5
"988",2018-01-25,0.5
"989",2018-01-26,0.5
"990",2018-01-27,0.5
"991",2018-01-28,0.5
"992",2018-01-29,0.5
"993",2018-01-30,0.5
"994",2018-01-31,0.5
"995",2018-02-01,0.5
"996",2018-02-02,0.5
"997",2018-02-03,0.5
"998",2018-02-04,0.5
"999",2018-02-05,0.5
"1000",2018-02-06,0.5
"1001",2018-02-07,0.5
"1002",2018-02-08,0.5
"1003",2018-02-09,0.5
"1004",2018-02-10,0.5
"1005",2018-02-11,0.5
"1006",2018-02-12,0.5
"1007",2018-02-13,0.5
"1008",2018-02-14,0.5
"1009",2018-02-15,0.5
"1010",2018-02-16,0.5
"1011",2018-02-17,0.5
"1012",2018-02-18,0.5
"1013",2018-02-19,0.5
"1014",2018-02-20,0.5
"1015",2018-02-21,0.5
"1016",2018-02-22,0.5
"1017",2018-02-23,0.5
"1018",2018-02-24,0.5
"1019",2018-02-25,0.5
"1020",2018-02-26,0.5
"1021",2018-02-27,0.5
"1022",2018-02-28,0.5
"1023",2018-03-01,0.5
"1024",2018-03-02,0.5
"1025",2018-03-03,0.5
"1026",2018-03-04,0.5
"1027",2018-03-05,0.5
"1028",2018-03-06,0.5
"1029",2018-03-07,0.5
"1030",2018-03-08,0.5
"1031",2018-03-09,0.5
"1032",2018-03-10,0.5
"1033",2018-03-11,0.5
"1034",2018-03-12,0.5
"1035",2018-03-13,0.5
"1036",2018-03-14,0.5
"1037",2018-03-15,0.5
"1038",2018-03-16,0.5
"1039",2018-03-17,0.5
"1040",2018-03-18,0.5
"1041",2018-03-19,0.5
"1042",2018-03-20,0.5
"1043",2018-03-21,0.5
"1044",2018-03-22,0.5
"1045",2018-03-23,0.5
"1046",2018-03-24,0.5
"1047",2018-03-25,0.5
"1048",2018-03-26,0.5
"1049",2018-03-27,0.5
"1050",2018-03-28,0.5
"1051",2018-03-29,0.5
"1052",2018-03-30,0.5
"1053",2018-03-31,0.5
"1054",2018-04-01,0.5
"1055",2018-04-02,0.5
"1056",2018-04-03,0.5
"1057",2018-04-04,0.5
"1058",2018-04-05,0.5
"1059",2018-04-06,0.5
"1060",2018-04-07,0.5
"1061",2018-04-08,0.5
"1062",2018-04-09,0.5
"1063",2018-04-10,0.5
"1064",2018-04-11,0.5
"1065",2018-04-12,0.5
"1066",2018-04-13,0.5
"1067",2018-04-14,0.5
"1068",2018-04-15,0.5
"1069",2018-04-16,0.5
"1070",2018-04-17,0.5
"1071",2018-04-18,0.5
"1072",2018-04-19,0.5
"1073",2018-04-20,0.5
"1074",2018-04-21,0.5
"1075",2018-04-22,0.5
"1076",2018-04-23,0.5
"1077",2018-04-24,0.5
"1078",2018-04-25,0.5
"1079",2018-04-26,0.5
"1080",2018-04-27,0.5
"1081",2018-04-28,0.5
"1082",2018-04-29,0.5
"1083",2018-04-30,0.5
"1084",2018-05-01,0.5
"1085",2018-05-02,0.5
"1086",2018-05-03,0.5
"1087",2018-05-04,0.5
"1088",2018-05-05,0.5
"1089",2018-05-06,0.5
"1090",2018-05-07,0.5
"1091",2018-05-08,0.5
"1092",2018-05-09,0.5
"1093",2018-05-10,NA
"1094",2018-05-11,2.33964830761121
"1095",2018-05-12,1.22906474622064
"1096",2018-05-13,1.19602393664687
"1097",2018-05-14,1.28884390863746
"1098",2018-05-15,1.47366575157483
"1099",2018-05-16,1.53231040256547
"1100",2018-05-17,1.54922454708616
"1101",2018-05-18,1.55808872127782
"1102",2018-05-19,1.58564555360717
"1103",2018-05-20,1.55567255949959
"1104",2018-05-21,1.56105231896046
"1105",2018-05-22,1.55041642638382
"1106",2018-05-23,1.56734478531906
"1107",2018-05-24,1.5834476685961
"1108",2018-05-25,1.57136270364052
"1109",2018-05-26,1.58212677001053
"1110",2018-05-27,1.63758296538065
"1111",2018-05-28,1.65000958217193
"1112",2018-05-29,1.61272759581041
"1113",2018-05-30,1.58719465346355
"1114",2018-05-31,1.54977744047842
"1115",2018-06-01,1.54164229841684
"1116",2018-06-02,1.62980296692813
"1117",2018-06-03,1.68769717400384
"1118",2018-06-04,2.12978629272614
"1119",2018-06-05,2.26614197500924
"1120",2018-06-06,2.34059039885605
"1121",2018-06-07,2.39203451166446
"1122",2018-06-08,2.36844088070295
"1123",2018-06-09,2.36620374806555
"1124",2018-06-10,2.32591742761774
"1125",2018-06-11,2.2927415781809
"1126",2018-06-12,2.3109779964104
"1127",2018-06-13,2.32363591187413
"1128",2018-06-14,2.44601147464282
"1129",2018-06-15,2.39662471000505
"1130",2018-06-16,2.30180671735503
"1131",2018-06-17,2.17613114762668
"1132",2018-06-18,2.2578497063542
"1133",2018-06-19,2.36185932855632
"1134",2018-06-20,2.42048052542792
"1135",2018-06-21,2.46765098712142
"1136",2018-06-22,2.46125894662482
"1137",2018-06-23,2.47158928375714
"1138",2018-06-24,2.49558617936365
"1139",2018-06-25,2.54522251112874
"1140",2018-06-26,2.53962237843177
"1141",2018-06-27,2.51869221322857
"1142",2018-06-28,2.54199864115142
"1143",2018-06-29,2.50231282726736
"1144",2018-06-30,2.47050147397539
"1145",2018-07-01,2.4231640346027
"1146",2018-07-02,2.34933534207952
"1147",2018-07-03,2.24891710541435
"1148",2018-07-04,2.20547862677966
"1149",2018-07-05,2.19542993169406
"1150",2018-07-06,2.46385076294986
"1151",2018-07-07,2.51559656161767
"1152",2018-07-08,2.53987934463094
"1153",2018-07-09,2.54327048216031
"1154",2018-07-10,2.55354549082727
"1155",2018-07-11,2.57148810431722
"1156",2018-07-12,2.57079880673433
"1157",2018-07-13,2.56166115403305
"1158",2018-07-14,2.55797288482015
"1159",2018-07-15,2.54269324654382
"1160",2018-07-16,2.53291383383473
"1161",2018-07-17,2.56368832478892
"1162",2018-07-18,2.5889634541655
"1163",2018-07-19,2.59773851450403
"1164",2018-07-20,2.58807510177432
"1165",2018-07-21,2.57650032448828
"1166",2018-07-22,2.62200597583016
"1167",2018-07-23,2.63321289863306
"1168",2018-07-24,2.64607389794861
"1169",2018-07-25,2.66561903527514
"1170",2018-07-26,2.65052812646282
"1171",2018-07-27,2.6516742543568
"1172",2018-07-28,2.66327507320277
"1173",2018-07-29,2.67908715409324
"1174",2018-07-30,2.67911451888197
"1175",2018-07-31,2.66126106707694
"1176",2018-08-01,2.66752902234534
"1177",2018-08-02,2.65932762420623
"1178",2018-08-03,2.65608315114872
"1179",2018-08-04,2.64404398208362
"1180",2018-08-05,2.62225701801046
"1181",2018-08-06,2.61411092302744
"1182",2018-08-07,2.62433604375637
"1183",2018-08-08,2.64351227958427
"1184",2018-08-09,2.65530413710998
"1185",2018-08-10,2.69357402670468
"1186",2018-08-11,2.70515451297176
"1187",2018-08-12,2.70557872668573
"1188",2018-08-13,2.68993393494526
"1189",2018-08-14,2.68052678931359
"1190",2018-08-15,2.71414160914249
"1191",2018-08-16,2.74965836729899
"1192",2018-08-17,2.89616890109767
"1193",2018-08-18,2.99108267485467
"1194",2018-08-19,3.00936367573591
"1195",2018-08-20,3.03218318710015
"1196",2018-08-21,3.11249828798022
"1197",2018-08-22,3.34901387317693
"1198",2018-08-23,3.41773868096122
"1199",2018-08-24,3.39666030383058
"1200",2018-08-25,3.36373528974768
"1201",2018-08-26,3.391978287362
"1202",2018-08-27,3.36261732896398
"1203",2018-08-28,3.31545940610124
"1204",2018-08-29,3.3461241043541
"1205",2018-08-30,3.42559021322765
"1206",2018-08-31,3.47123142837103
"1207",2018-09-01,3.49049763005678
"1208",2018-09-02,3.51211502035537
"1209",2018-09-03,3.5036269652787
"1210",2018-09-04,3.4847205620375
"1211",2018-09-05,3.45096198010246
"1212",2018-09-06,3.41526402165734
"1213",2018-09-07,3.4770853755839
"1214",2018-09-08,3.57554210057143
"1215",2018-09-09,3.62458641331901
"1216",2018-09-10,3.67074804399005
"1217",2018-09-11,3.70048716422337
"1218",2018-09-12,3.68903272549547
"1219",2018-09-13,3.67359711781336
"1220",2018-09-14,3.65539437107928
"1221",2018-09-15,3.63455009410898
"1222",2018-09-16,3.60936327190031
"1223",2018-09-17,3.55617573688776
"1224",2018-09-18,3.52378991153477
"1225",2018-09-19,3.62947104657275
"1226",2018-09-20,3.68905288393935
"1227",2018-09-21,3.82925764003638
"1228",2018-09-22,4.20547314845815
"1229",2018-09-23,4.445758565997
"1230",2018-09-24,4.56424404040896
"1231",2018-09-25,4.64872998850947
"1232",2018-09-26,4.68257630990381
"1233",2018-09-27,4.71663365062858
"1234",2018-09-28,4.7072003109012
"1235",2018-09-29,4.76921919283132
"1236",2018-09-30,4.95251772279481
"1237",2018-10-01,4.99217324431482
"1238",2018-10-02,5.48117122009011
"1239",2018-10-03,5.51724393547908
"1240",2018-10-04,5.58022829857743
"1241",2018-10-05,5.62092446523889
"1242",2018-10-06,5.68945140822435
"1243",2018-10-07,5.74003877547021
"1244",2018-10-08,5.98916616144325
"1245",2018-10-09,6.01232592412226
"1246",2018-10-10,6.05077235063054
"1247",2018-10-11,6.30637486143113
"1248",2018-10-12,6.60053202242415
"1249",2018-10-13,6.81936179765737
"1250",2018-10-14,7.36756023040037
"1251",2018-10-15,7.56992718703283
"1252",2018-10-16,8.50950588681178
"1253",2018-10-17,9.5
"1254",2018-10-18,NA
"1255",2018-10-19,NA
"1256",2018-10-20,NA
"1257",2018-10-21,NA
"1258",2018-10-22,NA
"1259",2018-10-23,NA
"1260",2018-10-24,NA
"1261",2018-10-25,NA
"1262",2018-10-26,NA
"1263",2018-10-27,NA
"1264",2018-10-28,NA
"1265",2018-10-29,NA
"1266",2018-10-30,NA
"1267",2018-10-31,NA
"1268",2018-11-01,NA
"1269",2018-11-02,NA
"1270",2018-11-03,NA
"1271",2018-11-04,NA
"1272",2018-11-05,NA
"1273",2018-11-06,NA
"1274",2018-11-07,NA
"1275",2018-11-08,NA
"1276",2018-11-09,NA
"1277",2018-11-10,NA
"1278",2018-11-11,NA
"1279",2018-11-12,NA
"1280",2018-11-13,NA
"1281",2018-11-14,0.5
"1282",2018-11-15,0.5
"1283",2018-11-16,0.5
"1284",2018-11-17,0.5
"1285",2018-11-18,0.5
"1286",2018-11-19,0.5
"1287",2018-11-20,0.5
"1288",2018-11-21,0.5
"1289",2018-11-22,0.5
"1290",2018-11-23,0.5
"1291",2018-11-24,0.5
"1292",2018-11-25,0.5
"1293",2018-11-26,0.5
"1294",2018-11-27,0.5
"1295",2018-11-28,0.5
"1296",2018-11-29,0.5
"1297",2018-11-30,0.5
"1298",2018-12-01,0.5
"1299",2018-12-02,0.5
"1300",2018-12-03,0.5
"1301",2018-12-04,0.5
"1302",2018-12-05,0.5
"1303",2018-12-06,0.5
"1304",2018-12-07,0.5
"1305",2018-12-08,0.5
"1306",2018-12-09,0.5
"1307",2018-12-10,0.5
"1308",2018-12-11,0.5
"1309",2018-12-12,0.5
"1310",2018-12-13,0.5
"1311",2018-12-14,0.5
"1312",2018-12-15,0.5
"1313",2018-12-16,0.5
"1314",2018-12-17,0.5
"1315",2018-12-18,0.5
"1316",2018-12-19,0.5
"1317",2018-12-20,0.5
"1318",2018-12-21,0.5
"1319",2018-12-22,0.5
"1320",2018-12-23,0.5
"1321",2018-12-24,0.5
"1322",2018-12-25,0.5
"1323",2018-12-26,0.5
"1324",2018-12-27,0.5
"1325",2018-12-28,0.5
"1326",2018-12-29,0.5
"1327",2018-12-30,0.5
"1328",2018-12-31,0.5
"1329",2019-01-01,0.5
"1330",2019-01-02,0.5
"1331",2019-01-03,0.5
"1332",2019-01-04,0.5
"1333",2019-01-05,0.5
"1334",2019-01-06,0.5
"1335",2019-01-07,0.5
"1336",2019-01-08,0.5
"1337",2019-01-09,0.5
"1338",2019-01-10,0.5
"1339",2019-01-11,0.5
"1340",2019-01-12,0.5
"1341",2019-01-13,0.5
"1342",2019-01-14,0.5
"1343",2019-01-15,0.5
"1344",2019-01-16,0.5
"1345",2019-01-17,0.5
"1346",2019-01-18,0.5
"1347",2019-01-19,0.5
"1348",2019-01-20,0.5
"1349",2019-01-21,0.5
"1350",2019-01-22,0.5
"1351",2019-01-23,0.5
"1352",2019-01-24,0.5
"1353",2019-01-25,0.5
"1354",2019-01-26,0.5
"1355",2019-01-27,0.5
"1356",2019-01-28,0.5
"1357",2019-01-29,0.5
"1358",2019-01-30,0.5
"1359",2019-01-31,0.5
"1360",2019-02-01,0.5
"1361",2019-02-02,0.5
"1362",2019-02-03,0.5
"1363",2019-02-04,0.5
"1364",2019-02-05,0.5
"1365",2019-02-06,0.5
"1366",2019-02-07,0.5
"1367",2019-02-08,0.5
"1368",2019-02-09,0.5
"1369",2019-02-10,0.5
"1370",2019-02-11,0.5
"1371",2019-02-12,0.5
"1372",2019-02-13,0.5
"1373",2019-02-14,0.5
"1374",2019-02-15,0.5
"1375",2019-02-16,0.5
"1376",2019-02-17,0.5
"1377",2019-02-18,0.5
"1378",2019-02-19,0.5
"1379",2019-02-20,0.5
"1380",2019-02-21,0.5
"1381",2019-02-22,0.5
"1382",2019-02-23,0.5
"1383",2019-02-24,0.5
"1384",2019-02-25,0.5
"1385",2019-02-26,0.5
"1386",2019-02-27,0.5
"1387",2019-02-28,0.5
"1388",2019-03-01,0.5
"1389",2019-03-02,0.5
"1390",2019-03-03,0.5
"1391",2019-03-04,0.5
"1392",2019-03-05,0.5
"1393",2019-03-06,0.5
"1394",2019-03-07,0.5
"1395",2019-03-08,0.5
"1396",2019-03-09,0.5
"1397",2019-03-10,0.5
"1398",2019-03-11,0.5
"1399",2019-03-12,0.5
"1400",2019-03-13,0.5
"1401",2019-03-14,0.5
"1402",2019-03-15,0.5
"1403",2019-03-16,0.5
"1404",2019-03-17,0.5
"1405",2019-03-18,0.5
"1406",2019-03-19,0.5
"1407",2019-03-20,0.5
"1408",2019-03-21,0.5
"1409",2019-03-22,0.5
"1410",2019-03-23,0.5
"1411",2019-03-24,0.5
"1412",2019-03-25,0.5
"1413",2019-03-26,0.5
"1414",2019-03-27,0.5
"1415",2019-03-28,0.5
"1416",2019-03-29,0.5
"1417",2019-03-30,0.5
"1418",2019-03-31,0.5
"1419",2019-04-01,0.5
"1420",2019-04-02,0.5
"1421",2019-04-03,0.5
"1422",2019-04-04,0.5
"1423",2019-04-05,0.5
"1424",2019-04-06,0.5
"1425",2019-04-07,0.5
"1426",2019-04-08,0.5
"1427",2019-04-09,0.5
"1428",2019-04-10,0.5
"1429",2019-04-11,0.5
"1430",2019-04-12,0.5
"1431",2019-04-13,0.5
"1432",2019-04-14,0.5
"1433",2019-04-15,0.5
"1434",2019-04-16,0.5
"1435",2019-04-17,0.5
"1436",2019-04-18,0.5
"1437",2019-04-19,0.5
"1438",2019-04-20,0.5
"1439",2019-04-21,0.5
"1440",2019-04-22,0.5
"1441",2019-04-23,0.5
"1442",2019-04-24,0.5
"1443",2019-04-25,0.5
"1444",2019-04-26,0.5
"1445",2019-04-27,0.5
"1446",2019-04-28,0.5
"1447",2019-04-29,0.5
"1448",2019-04-30,0.5
"1449",2019-05-01,0.5
"1450",2019-05-02,0.5
"1451",2019-05-03,0.5
"1452",2019-05-04,0.5
"1453",2019-05-05,0.5
"1454",2019-05-06,0.5
"1455",2019-05-07,0.5
"1456",2019-05-08,0.5
"1457",2019-05-09,0.5
"1458",2019-05-10,NA
"1459",2019-05-11,NA
"1460",2019-05-12,0.5
"1461",2019-05-13,1.46853708598085
"1462",2019-05-14,1.5233464468655
"1463",2019-05-15,1.52018912000687
"1464",2019-05-16,1.46217227117291
"1465",2019-05-17,1.56947730657281
"1466",2019-05-18,1.53206929713205
"1467",2019-05-19,1.54999457154234
"1468",2019-05-20,1.54445174478457
"1469",2019-05-21,1.72544056135032
"1470",2019-05-22,1.53518593764312
"1471",2019-05-23,1.58322092349617
"1472",2019-05-24,1.59126956743715
"1473",2019-05-25,1.58543009675414
"1474",2019-05-26,1.55436114361778
"1475",2019-05-27,1.59579568353442
"1476",2019-05-28,1.63537927735735
"1477",2019-05-29,1.64609357084349
"1478",2019-05-30,1.63376201898791
"1479",2019-05-31,1.66541817917009
"1480",2019-06-01,1.64624187613805
"1481",2019-06-02,1.69265818406717
"1482",2019-06-03,2.10824982221339
"1483",2019-06-04,2.33349060404577
"1484",2019-06-05,2.18515881646445
"1485",2019-06-06,2.03926227666387
"1486",2019-06-07,2.01302196224169
"1487",2019-06-08,1.83881652647344
"1488",2019-06-09,1.71625644957207
"1489",2019-06-10,1.68872830494683
"1490",2019-06-11,1.90000367921808
"1491",2019-06-12,1.92658383619388
"1492",2019-06-13,2.15643070509303
"1493",2019-06-14,2.3648004069504
"1494",2019-06-15,2.48763094127747
"1495",2019-06-16,2.48585649608062
"1496",2019-06-17,2.46493014665953
"1497",2019-06-18,2.40743451884531
"1498",2019-06-19,2.33205355346643
"1499",2019-06-20,2.43851492395743
"1500",2019-06-21,2.44539422431989
"1501",2019-06-22,2.47474945961332
"1502",2019-06-23,2.45897112976335
"1503",2019-06-24,2.42218526649444
"1504",2019-06-25,2.49368901571816
"1505",2019-06-26,2.44340806676084
"1506",2019-06-27,2.38150652356042
"1507",2019-06-28,2.34570975790715
"1508",2019-06-29,2.32457426089017
"1509",2019-06-30,2.38695384504974
"1510",2019-07-01,2.37943346697299
"1511",2019-07-02,2.36462796781112
"1512",2019-07-03,2.35887617817001
"1513",2019-07-04,2.27963173350113
"1514",2019-07-05,2.27480822070473
"1515",2019-07-06,2.35007956806731
"1516",2019-07-07,2.43720551079015
"1517",2019-07-08,2.46940449903596
"1518",2019-07-09,2.47879649805971
"1519",2019-07-10,2.46558581648469
"1520",2019-07-11,2.50018707350877
"1521",2019-07-12,2.50122385111815
"1522",2019-07-13,2.51480979893919
"1523",2019-07-14,2.55650502764729
"1524",2019-07-15,2.56068143180265
"1525",2019-07-16,2.57423062390157
"1526",2019-07-17,2.57130236736755
"1527",2019-07-18,2.57527825813417
"1528",2019-07-19,2.57541885670124
"1529",2019-07-20,2.54520627518001
"1530",2019-07-21,2.54815727014972
"1531",2019-07-22,2.58167499963444
"1532",2019-07-23,2.59418892899041
"1533",2019-07-24,2.60638045844317
"1534",2019-07-25,2.61603269841079
"1535",2019-07-26,2.61085558129423
"1536",2019-07-27,2.6051788581616
"1537",2019-07-28,2.61712012664085
"1538",2019-07-29,2.59415082157334
"1539",2019-07-30,2.59858178101484
"1540",2019-07-31,2.60438793895498
"1541",2019-08-01,2.62570099568866
"1542",2019-08-02,2.64350251565333
"1543",2019-08-03,2.65918067914951
"1544",2019-08-04,2.69457399165727
"1545",2019-08-05,2.70894299851884
"1546",2019-08-06,2.69791633746178
"1547",2019-08-07,2.70723077677949
"1548",2019-08-08,2.6968582889326
"1549",2019-08-09,2.74395463748083
"1550",2019-08-10,2.84750202025129
"1551",2019-08-11,2.92388463100351
"1552",2019-08-12,2.93042001624906
"1553",2019-08-13,2.95541896575672
"1554",2019-08-14,3.17901012448683
"1555",2019-08-15,3.20956080848074
"1556",2019-08-16,3.15222477794099
"1557",2019-08-17,3.20304381240109
"1558",2019-08-18,3.15911461122535
"1559",2019-08-19,3.07730982614312
"1560",2019-08-20,3.03233784676085
"1561",2019-08-21,3.11286746184005
"1562",2019-08-22,3.16079495633538
"1563",2019-08-23,3.338838893526
"1564",2019-08-24,3.37396201443577
"1565",2019-08-25,3.39265440476905
"1566",2019-08-26,3.39722513492804
"1567",2019-08-27,3.37728455389547
"1568",2019-08-28,3.45256412795559
"1569",2019-08-29,3.45285990861991
"1570",2019-08-30,3.50921380690181
"1571",2019-08-31,3.55968167154797
"1572",2019-09-01,3.56317463853093
"1573",2019-09-02,3.57211284161031
"1574",2019-09-03,3.58706761077255
"1575",2019-09-04,3.63559707108538
"1576",2019-09-05,3.65146677423162
"1577",2019-09-06,3.68271447798903
"1578",2019-09-07,3.69996276691098
"1579",2019-09-08,3.75327572394061
"1580",2019-09-09,3.78425241483012
"1581",2019-09-10,3.86391746428941
"1582",2019-09-11,3.91123081811615
"1583",2019-09-12,3.99360419717784
"1584",2019-09-13,4.1777414419034
"1585",2019-09-14,4.34071420209508
"1586",2019-09-15,4.43477088882666
"1587",2019-09-16,4.45866202395429
"1588",2019-09-17,4.47252948482099
"1589",2019-09-18,4.48268089584658
"1590",2019-09-19,4.46879727770269
"1591",2019-09-20,4.46198248725249
"1592",2019-09-21,4.45245853924226
"1593",2019-09-22,4.44308755738569
"1594",2019-09-23,4.43262955410364
"1595",2019-09-24,4.39678954078913
"1596",2019-09-25,4.37232571481203
"1597",2019-09-26,4.42165046400934
"1598",2019-09-27,4.46306296949696
"1599",2019-09-28,4.53690070436176
"1600",2019-09-29,4.59128717499237
"1601",2019-09-30,4.64910438627397
"1602",2019-10-01,4.70541803682299
"1603",2019-10-02,4.86367642930568
"1604",2019-10-03,5.27449168076046
"1605",2019-10-04,5.54712687234386
"1606",2019-10-05,5.60357768682855
"1607",2019-10-06,5.64606536418245
"1608",2019-10-07,5.6593214156163
"1609",2019-10-08,5.70522645702505
"1610",2019-10-09,5.77918828645432
"1611",2019-10-10,5.96408397381639
"1612",2019-10-11,6.38606944193866
"1613",2019-10-12,6.44133832335056
"1614",2019-10-13,6.51369030952905
"1615",2019-10-14,6.59976143746534
"1616",2019-10-15,6.74660236872695
"1617",2019-10-16,7.21384319884366
"1618",2019-10-17,7.67502136560068
"1619",2019-10-18,8.43300692795735
"1620",2019-10-19,8.51282877384081
"1621",2019-10-20,8.56372366569319
"1622",2019-10-21,8.58061924898833
"1623",2019-10-22,8.58375543871028
"1624",2019-10-23,8.58792358325304
"1625",2019-10-24,9.5
"1626",2019-10-25,9.5
"1627",2019-10-26,9.5
"1628",2019-10-27,NA
"1629",2019-10-28,NA
"1630",2019-10-29,NA
"1631",2019-10-30,NA
"1632",2019-10-31,NA
"1633",2019-11-01,NA
"1634",2019-11-02,NA
"1635",2019-11-03,NA
"1636",2019-11-04,NA
"1637",2019-11-05,NA
"1638",2019-11-06,NA
"1639",2019-11-07,NA
"1640",2019-11-08,NA
"1641",2019-11-09,NA
"1642",2019-11-10,NA
"1643",2019-11-11,NA
"1644",2019-11-12,NA
"1645",2019-11-13,NA
"1646",2019-11-14,1.48379301423819
"1647",2019-11-15,2.67561098291331
"1648",2019-11-16,0.5
"1649",2019-11-17,0.5
"1650",2019-11-18,0.5
"1651",2019-11-19,0.5
"1652",2019-11-20,0.5
"1653",2019-11-21,0.5
"1654",2019-11-22,0.5
"1655",2019-11-23,0.5
"1656",2019-11-24,0.5
"1657",2019-11-25,0.5
"1658",2019-11-26,0.5
"1659",2019-11-27,0.5
"1660",2019-11-28,0.5
"1661",2019-11-29,0.5
"1662",2019-11-30,0.5
"1663",2019-12-01,0.5
"1664",2019-12-02,0.5
"1665",2019-12-03,0.5
"1666",2019-12-04,0.5
"1667",2019-12-05,0.5
"1668",2019-12-06,0.5
"1669",2019-12-07,0.5
"1670",2019-12-08,0.5
"1671",2019-12-09,0.5
"1672",2019-12-10,0.5
"1673",2019-12-11,0.5
"1674",2019-12-12,0.5
"1675",2019-12-13,0.5
"1676",2019-12-14,0.5
"1677",2019-12-15,0.5
"1678",2019-12-16,0.5
"1679",2019-12-17,0.5
"1680",2019-12-18,0.5
"1681",2019-12-19,0.5
"1682",2019-12-20,0.5
"1683",2019-12-21,0.5
"1684",2019-12-22,0.5
"1685",2019-12-23,0.5
"1686",2019-12-24,0.5
"1687",2019-12-25,0.5
"1688",2019-12-26,0.5
"1689",2019-12-27,0.5
"1690",2019-12-28,0.5
"1691",2019-12-29,0.5
"1692",2019-12-30,0.5
"1693",2019-12-31,0.5
"1694",2020-01-01,0.5
"1695",2020-01-02,0.5
"1696",2020-01-03,0.5
"1697",2020-01-04,0.5
"1698",2020-01-05,0.5
"1699",2020-01-06,0.5
"1700",2020-01-07,0.5
"1701",2020-01-08,0.5
"1702",2020-01-09,0.5
"1703",2020-01-10,0.5
"1704",2020-01-11,0.5
"1705",2020-01-12,0.5
"1706",2020-01-13,0.5
"1707",2020-01-14,0.5
"1708",2020-01-15,0.5
"1709",2020-01-16,0.5
"1710",2020-01-17,0.5
"1711",2020-01-18,0.5
"1712",2020-01-19,0.5
"1713",2020-01-20,0.5
"1714",2020-01-21,0.5
"1715",2020-01-22,0.5
"1716",2020-01-23,0.5
"1717",2020-01-24,0.5
"1718",2020-01-25,0.5
"1719",2020-01-26,0.5
"1720",2020-01-27,0.5
"1721",2020-01-28,0.5
"1722",2020-01-29,0.5
"1723",2020-01-30,0.5
"1724",2020-01-31,0.5
"1725",2020-02-01,0.5
"1726",2020-02-02,0.5
"1727",2020-02-03,0.5
"1728",2020-02-04,0.5
"1729",2020-02-05,0.5
"1730",2020-02-06,0.5
"1731",2020-02-07,0.5
"1732",2020-02-08,0.5
"1733",2020-02-09,0.5
"1734",2020-02-10,0.5
"1735",2020-02-11,0.5
"1736",2020-02-12,0.5
"1737",2020-02-13,0.5
"1738",2020-02-14,0.5
"1739",2020-02-15,0.5
"1740",2020-02-16,0.5
"1741",2020-02-17,0.5
"1742",2020-02-18,0.5
"1743",2020-02-19,0.5
"1744",2020-02-20,0.5
"1745",2020-02-21,0.5
"1746",2020-02-22,0.5
"1747",2020-02-23,0.5
"1748",2020-02-24,0.5
"1749",2020-02-25,0.5
"1750",2020-02-26,0.5
"1751",2020-02-27,0.5
"1752",2020-02-28,0.5
"1753",2020-02-29,0.5
"1754",2020-03-01,0.5
"1755",2020-03-02,0.5
"1756",2020-03-03,0.5
"1757",2020-03-04,0.5
"1758",2020-03-05,0.5
"1759",2020-03-06,0.5
"1760",2020-03-07,0.5
"1761",2020-03-08,0.5
"1762",2020-03-09,0.5
"1763",2020-03-10,0.5
"1764",2020-03-11,0.5
"1765",2020-03-12,0.5
"1766",2020-03-13,0.5
"1767",2020-03-14,0.5
"1768",2020-03-15,0.5
"1769",2020-03-16,0.5
"1770",2020-03-17,0.5
"1771",2020-03-18,0.5
"1772",2020-03-19,0.5
"1773",2020-03-20,0.5
"1774",2020-03-21,0.5
"1775",2020-03-22,0.5
"1776",2020-03-23,0.5
"1777",2020-03-24,0.5
"1778",2020-03-25,0.5
"1779",2020-03-26,0.5
"1780",2020-03-27,0.5
"1781",2020-03-28,0.5
"1782",2020-03-29,0.5
"1783",2020-03-30,0.5
"1784",2020-03-31,0.5
"1785",2020-04-01,0.5
"1786",2020-04-02,0.5
"1787",2020-04-03,0.5
"1788",2020-04-04,0.5
"1789",2020-04-05,0.5
"1790",2020-04-06,0.5
"1791",2020-04-07,0.5
"1792",2020-04-08,0.5
"1793",2020-04-09,0.5
"1794",2020-04-10,0.5
"1795",2020-04-11,0.5
"1796",2020-04-12,0.5
"1797",2020-04-13,0.5
"1798",2020-04-14,0.5
"1799",2020-04-15,0.5
"1800",2020-04-16,0.5
"1801",2020-04-17,0.5
"1802",2020-04-18,0.5
"1803",2020-04-19,0.5
"1804",2020-04-20,0.5
"1805",2020-04-21,0.5
"1806",2020-04-22,0.5
"1807",2020-04-23,0.5
"1808",2020-04-24,0.5
"1809",2020-04-25,0.5
"1810",2020-04-26,0.5
"1811",2020-04-27,0.5
"1812",2020-04-28,0.5
"1813",2020-04-29,0.5
"1814",2020-04-30,0.5
"1815",2020-05-01,0.5
"1816",2020-05-02,0.5
"1817",2020-05-03,0.5
"1818",2020-05-04,0.5
"1819",2020-05-05,0.5
"1820",2020-05-06,0.5
"1821",2020-05-07,0.5
"1822",2020-05-08,1.49865347177652
"1823",2020-05-09,3.54848605915748
"1824",2020-05-10,5.53350705307188
"1825",2020-05-11,1.56864581458155
"1826",2020-05-12,2.53858061970462
"1827",2020-05-13,2.48212684180532
"1828",2020-05-14,1.16986926663058
"1829",2020-05-15,1.81829759777392
"1830",2020-05-16,1.55607927574338
"1831",2020-05-17,1.1714461372575
"1832",2020-05-18,1.49117431453112
"1833",2020-05-19,1.5788829204404
"1834",2020-05-20,1.52808754531126
"1835",2020-05-21,1.53025119451068
"1836",2020-05-22,1.51280895866056
"1837",2020-05-23,1.57388401316932
"1838",2020-05-24,1.57394693258001
"1839",2020-05-25,1.58768944491352
"1840",2020-05-26,1.48407103093259
"1841",2020-05-27,1.38738317500836
"1842",2020-05-28,1.46226259776378
"1843",2020-05-29,1.55144714801558
"1844",2020-05-30,1.59412258494231
"1845",2020-05-31,1.72964217989397
"1846",2020-06-01,1.91775776342243
"1847",2020-06-02,2.11704963541647
"1848",2020-06-03,2.32015889561657
"1849",2020-06-04,2.17289116243571
"1850",2020-06-05,1.90343224923335
"1851",2020-06-06,1.84903589175435
"1852",2020-06-07,2.1146887286281
"1853",2020-06-08,2.09750568367395
"1854",2020-06-09,2.19066903417679
"1855",2020-06-10,2.28996879463762
"1856",2020-06-11,2.36888564706496
"1857",2020-06-12,2.49159566851718
"1858",2020-06-13,2.55637930917835
"1859",2020-06-14,2.56130496057602
"1860",2020-06-15,2.51254284155099
"1861",2020-06-16,2.44372894239251
"1862",2020-06-17,2.35145257271461
"1863",2020-06-18,2.22216218382203
"1864",2020-06-19,2.0450098121446
"1865",2020-06-20,1.89568396975891
"1866",2020-06-21,1.83773658071224
"1867",2020-06-22,1.82147862732873
"1868",2020-06-23,1.80213027469597
"1869",2020-06-24,2.23643008995026
"1870",2020-06-25,2.48746822406258
"1871",2020-06-26,2.52804825485486
"1872",2020-06-27,2.54470530313516
"1873",2020-06-28,2.52232537333445
"1874",2020-06-29,2.53882465823207
"1875",2020-06-30,2.55047597111985
"1876",2020-07-01,2.51447213017642
"1877",2020-07-02,2.50074990676531
"1878",2020-07-03,2.48053155894345
"1879",2020-07-04,2.48687260099492
"1880",2020-07-05,2.51702323265567
"1881",2020-07-06,2.51077345641332
"1882",2020-07-07,2.48477496535439
"1883",2020-07-08,2.44730584008532
"1884",2020-07-09,2.41144194226413
"1885",2020-07-10,2.37410878544664
"1886",2020-07-11,2.45843165669321
"1887",2020-07-12,2.48778213582938
"1888",2020-07-13,2.51181006791836
"1889",2020-07-14,2.55335186084977
"1890",2020-07-15,2.5688351661862
"1891",2020-07-16,2.58710321422426
"1892",2020-07-17,2.59452792962415
"1893",2020-07-18,2.57998166845985
"1894",2020-07-19,2.58300075238803
"1895",2020-07-20,2.59610268760521
"1896",2020-07-21,2.60939532930982
"1897",2020-07-22,2.61302027658924
"1898",2020-07-23,2.62332415482852
"1899",2020-07-24,2.61459938154217
"1900",2020-07-25,2.61950829392513
"1901",2020-07-26,2.61963548738263
"1902",2020-07-27,2.63126282869128
"1903",2020-07-28,2.63252367022099
"1904",2020-07-29,2.6434800883118
"1905",2020-07-30,2.64915801698734
"1906",2020-07-31,2.65816538395787
"1907",2020-08-01,2.64824743707059
"1908",2020-08-02,2.68965173709998
"1909",2020-08-03,2.72061088655568
"1910",2020-08-04,2.83649216556717
"1911",2020-08-05,2.96378170945927
"1912",2020-08-06,3.14913976803965
"1913",2020-08-07,3.09014996111701
"1914",2020-08-08,3.01969731696247
"1915",2020-08-09,2.9798109628426
"1916",2020-08-10,2.93440839985254
"1917",2020-08-11,2.87778577809863
"1918",2020-08-12,2.82721944733608
"1919",2020-08-13,2.8065098648932
"1920",2020-08-14,2.80694233087138
"1921",2020-08-15,2.84071892436813
"1922",2020-08-16,2.86131251158469
"1923",2020-08-17,2.87371259029784
"1924",2020-08-18,2.99351442418323
"1925",2020-08-19,3.27414486609088
"1926",2020-08-20,3.38881662024097
"1927",2020-08-21,3.42163221912629
"1928",2020-08-22,3.41167812739145
"1929",2020-08-23,3.38324549066901
"1930",2020-08-24,3.35864210258311
"1931",2020-08-25,3.42379029728059
"1932",2020-08-26,3.53916107090844
"1933",2020-08-27,3.5712095791948
"1934",2020-08-28,3.57468170760804
"1935",2020-08-29,3.63092575204202
"1936",2020-08-30,3.6858020029196
"1937",2020-08-31,3.69791425629931
"1938",2020-09-01,3.72775431942524
"1939",2020-09-02,3.77906738292963
"1940",2020-09-03,3.75920324907294
"1941",2020-09-04,3.83134103803871
"1942",2020-09-05,3.96536875744062
"1943",2020-09-06,4.05595072637664
"1944",2020-09-07,4.28259572557571
"1945",2020-09-08,4.25038333855571
"1946",2020-09-09,4.39081252489634
"1947",2020-09-10,4.4656768939759
"1948",2020-09-11,4.49759218446078
"1949",2020-09-12,4.482140435572
"1950",2020-09-13,4.53217676566484
"1951",2020-09-14,4.59170491898437
"1952",2020-09-15,4.61033653912299
"1953",2020-09-16,4.59556601720008
"1954",2020-09-17,4.61450555684557
"1955",2020-09-18,4.66900161247992
"1956",2020-09-19,4.7666469624386
"1957",2020-09-20,4.82491106419546
"1958",2020-09-21,4.87414172494952
"1959",2020-09-22,4.90410192651795
"1960",2020-09-23,4.90624863289017
"1961",2020-09-24,4.90240027761699
"1962",2020-09-25,4.89090990937677
"1963",2020-09-26,4.89465428857671
"1964",2020-09-27,4.89687708420696
"1965",2020-09-28,4.89847383599085
"1966",2020-09-29,4.90131935201901
"1967",2020-09-30,4.89694045382039
"1968",2020-10-01,4.86200930846063
"1969",2020-10-02,4.80937972832617
"1970",2020-10-03,4.83745297188281
"1971",2020-10-04,4.85158479863902
"1972",2020-10-05,4.86765199873983
"1973",2020-10-06,5.36545693477093
"1974",2020-10-07,5.54906868308261
"1975",2020-10-08,5.90227571774519
"1976",2020-10-09,6.35564308897073
"1977",2020-10-10,6.28448104900535
"1978",2020-10-11,6.48567694706577
"1979",2020-10-12,6.60769132881958
"1980",2020-10-13,6.75206438033953
"1981",2020-10-14,6.94691418161214
"1982",2020-10-15,7.02630272144759
"1983",2020-10-16,7.41657391506196
"1984",2020-10-17,7.54252954048376
"1985",2020-10-18,7.60842922906557
"1986",2020-10-19,7.71919794004986
"1987",2020-10-20,8.13754622320514
"1988",2020-10-21,8.5566361840269
"1989",2020-10-22,8.56303454093684
"1990",2020-10-23,8.56606223244404
"1991",2020-10-24,8.63689951546404
"1992",2020-10-25,9.5
"1993",2020-10-26,9.5
"1994",2020-10-27,NA
"1995",2020-10-28,NA
"1996",2020-10-29,NA
"1997",2020-10-30,NA
"1998",2020-10-31,NA
"1999",2020-11-01,NA
"2000",2020-11-02,NA
"2001",2020-11-03,NA
"2002",2020-11-04,NA
"2003",2020-11-05,NA
"2004",2020-11-06,NA
"2005",2020-11-07,1.66276686458498
"2006",2020-11-08,2.46314850511884
"2007",2020-11-09,2.68910525559608
"2008",2020-11-10,2.69343104302151
"2009",2020-11-11,3.37817876031919
"2010",2020-11-12,3.81007107726262
"2011",2020-11-13,NA
"2012",2020-11-14,NA
"2013",2020-11-15,NA
"2014",2020-11-16,NA
"2015",2020-11-17,NA
"2016",2020-11-18,NA
"2017",2020-11-19,NA
"2018",2020-11-20,NA
"2019",2020-11-21,NA
"2020",2020-11-22,NA
"2021",2020-11-23,NA
"2022",2020-11-24,1.44812395703945
"2023",2020-11-25,0.5
"2024",2020-11-26,0.5
"2025",2020-11-27,1.45078020914674
"2026",2020-11-28,1.56405915953907
"2027",2020-11-29,1.76599965054845
"2028",2020-11-30,2.55212055662922
"2029",2020-12-01,4.11120210924708
"2030",2020-12-02,3.72827711218348
"2031",2020-12-03,3.19511952100812
"2032",2020-12-04,2.97272373763079
"2033",2020-12-05,2.65937132307641
"2034",2020-12-06,0.5
"2035",2020-12-07,0.5
"2036",2020-12-08,0.5
"2037",2020-12-09,0.5
"2038",2020-12-10,0.5
"2039",2020-12-11,0.5
"2040",2020-12-12,0.5
"2041",2020-12-13,0.5
"2042",2020-12-14,0.5
"2043",2020-12-15,0.5
"2044",2020-12-16,0.5
"2045",2020-12-17,0.5
"2046",2020-12-18,0.5
"2047",2020-12-19,0.5
"2048",2020-12-20,0.5
"2049",2020-12-21,0.5
"2050",2020-12-22,0.5
"2051",2020-12-23,0.5
"2052",2020-12-24,0.5
"2053",2020-12-25,0.5
"2054",2020-12-26,0.5
"2055",2020-12-27,0.5
"2056",2020-12-28,0.5
"2057",2020-12-29,0.5
"2058",2020-12-30,0.5
"2059",2020-12-31,0.5
"2060",2021-01-01,0.5
"2061",2021-01-02,0.5
"2062",2021-01-03,0.5
"2063",2021-01-04,0.5
"2064",2021-01-05,0.5
"2065",2021-01-06,0.5
"2066",2021-01-07,0.5
"2067",2021-01-08,0.5
"2068",2021-01-09,0.5
"2069",2021-01-10,0.5
"2070",2021-01-11,0.5
"2071",2021-01-12,0.5
"2072",2021-01-13,0.5
"2073",2021-01-14,0.5
"2074",2021-01-15,0.5
"2075",2021-01-16,0.5
"2076",2021-01-17,0.5
"2077",2021-01-18,0.5
"2078",2021-01-19,0.5
"2079",2021-01-20,0.5
"2080",2021-01-21,0.5
"2081",2021-01-22,0.5
"2082",2021-01-23,0.5
"2083",2021-01-24,0.5
"2084",2021-01-25,0.5
"2085",2021-01-26,0.5
"2086",2021-01-27,0.5
"2087",2021-01-28,0.5
"2088",2021-01-29,0.5
"2089",2021-01-30,0.5
"2090",2021-01-31,0.5
"2091",2021-02-01,0.5
"2092",2021-02-02,0.5
"2093",2021-02-03,0.5
"2094",2021-02-04,0.5
"2095",2021-02-05,0.5
"2096",2021-02-06,0.5
"2097",2021-02-07,0.5
"2098",2021-02-08,0.5
"2099",2021-02-09,0.5
"2100",2021-02-10,0.5
"2101",2021-02-11,0.5
"2102",2021-02-12,0.5
"2103",2021-02-13,0.5
"2104",2021-02-14,0.5
"2105",2021-02-15,0.5
"2106",2021-02-16,0.5
"2107",2021-02-17,0.5
"2108",2021-02-18,0.5
"2109",2021-02-19,0.5
"2110",2021-02-20,0.5
"2111",2021-02-21,0.5
"2112",2021-02-22,0.5
"2113",2021-02-23,0.5
"2114",2021-02-24,0.5
"2115",2021-02-25,0.5
"2116",2021-02-26,0.5
"2117",2021-02-27,0.5
"2118",2021-02-28,0.5
"2119",2021-03-01,0.5
"2120",2021-03-02,0.5
"2121",2021-03-03,0.5
"2122",2021-03-04,0.5
"2123",2021-03-05,0.5
"2124",2021-03-06,0.5
"2125",2021-03-07,0.5
"2126",2021-03-08,0.5
"2127",2021-03-09,0.5
"2128",2021-03-10,0.5
"2129",2021-03-11,0.5
"2130",2021-03-12,0.5
"2131",2021-03-13,0.5
"2132",2021-03-14,0.5
"2133",2021-03-15,0.5
"2134",2021-03-16,0.5
"2135",2021-03-17,0.5
"2136",2021-03-18,0.5
"2137",2021-03-19,0.5
"2138",2021-03-20,0.5
"2139",2021-03-21,0.5
"2140",2021-03-22,0.5
"2141",2021-03-23,0.5
"2142",2021-03-24,0.5
"2143",2021-03-25,0.5
"2144",2021-03-26,0.5
"2145",2021-03-27,0.5
"2146",2021-03-28,0.5
"2147",2021-03-29,0.5
"2148",2021-03-30,0.5
"2149",2021-03-31,0.5
"2150",2021-04-01,0.5
"2151",2021-04-02,0.5
"2152",2021-04-03,0.5
"2153",2021-04-04,0.5
"2154",2021-04-05,0.5
"2155",2021-04-06,0.5
"2156",2021-04-07,0.5
"2157",2021-04-08,0.5
"2158",2021-04-09,0.5
"2159",2021-04-10,0.5
"2160",2021-04-11,0.5
"2161",2021-04-12,0.5
"2162",2021-04-13,0.5
"2163",2021-04-14,NA
"2164",2021-04-15,NA
"2165",2021-04-16,NA
"2166",2021-04-17,NA
"2167",2021-04-18,1.45501746969686
"2168",2021-04-19,1.20312077092927
"2169",2021-04-20,2.1750622656216
"2170",2021-04-21,2.54086200680348
"2171",2021-04-22,3.99794313440955
"2172",2021-04-23,4.43546846615799
"2173",2021-04-24,1.4571690540257
"2174",2021-04-25,1.57394871202271
"2175",2021-04-26,2.51337133055498
"2176",2021-04-27,1.93140486311093
"2177",2021-04-28,1.74629095992539
"2178",2021-04-29,1.46831879717741
"2179",2021-04-30,2.01230612463701
"2180",2021-05-01,2.51475055102899
"2181",2021-05-02,2.5063954664986
"2182",2021-05-03,2.51028347924334
"2183",2021-05-04,2.63191748336927
"2184",2021-05-05,2.7124697508737
"2185",2021-05-06,2.69208036808346
"2186",2021-05-07,2.63726849354998
"2187",2021-05-08,2.55659241228332
"2188",2021-05-09,2.45133764508962
"2189",2021-05-10,2.3551180850184
"2190",2021-05-11,2.49199022038705
"2191",2021-05-12,2.53272458129451
"2192",2021-05-13,2.49616850876484
"2193",2021-05-14,2.37122789888621
"2194",2021-05-15,2.16828956134101
"2195",2021-05-16,2.00948738644943
"2196",2021-05-17,1.87656206833212
"2197",2021-05-18,1.77276981380362
"2198",2021-05-19,1.74340278482068
"2199",2021-05-20,1.70051253606423
"2200",2021-05-21,1.66351124298751
"2201",2021-05-22,1.67525000756017
"2202",2021-05-23,1.86435715605974
"2203",2021-05-24,2.11920566914008
"2204",2021-05-25,2.26618866050233
"2205",2021-05-26,2.33191488159496
"2206",2021-05-27,2.51094592117491
"2207",2021-05-28,2.54485019208466
"2208",2021-05-29,2.57424129911987
"2209",2021-05-30,2.58983447396784
"2210",2021-05-31,2.57516886002979
"2211",2021-06-01,2.57583202700891
"2212",2021-06-02,2.52357279680911
"2213",2021-06-03,2.56854358081999
"2214",2021-06-04,2.50956852640014
"2215",2021-06-05,2.50892481713782
"2216",2021-06-06,2.4448103137415
"2217",2021-06-07,2.32131325561801
"2218",2021-06-08,2.18377375167107
"2219",2021-06-09,2.24845179999787
"2220",2021-06-10,2.36651220185329
"2221",2021-06-11,2.44161348178747
"2222",2021-06-12,2.45592541814302
"2223",2021-06-13,2.45631605842838
"2224",2021-06-14,2.51417576461672
"2225",2021-06-15,2.56931476192684
"2226",2021-06-16,2.61613446086626
"2227",2021-06-17,2.63197675436929
"2228",2021-06-18,2.66004071320298
"2229",2021-06-19,2.65252073604653
"2230",2021-06-20,2.62385592075022
"2231",2021-06-21,2.63151985525023
"2232",2021-06-22,2.67724660618497
"2233",2021-06-23,2.72167904006075
"2234",2021-06-24,2.69539051953525
"2235",2021-06-25,2.68684152126822
"2236",2021-06-26,2.74678035407019
"2237",2021-06-27,2.68802319442927
"2238",2021-06-28,2.63450605820135
"2239",2021-06-29,2.55918738116957
"2240",2021-06-30,2.54809657045317
"2241",2021-07-01,2.56545250706293
"2242",2021-07-02,2.6849151706784
"2243",2021-07-03,2.76303559747369
"2244",2021-07-04,2.7681709646425
"2245",2021-07-05,2.7251952016085
"2246",2021-07-06,2.70907799455052
"2247",2021-07-07,2.71256190219559
"2248",2021-07-08,2.8601038811333
"2249",2021-07-09,2.82858272408064
"2250",2021-07-10,2.77904532409284
"2251",2021-07-11,2.73681076481356
"2252",2021-07-12,2.67852547027998
"2253",2021-07-13,2.72992262613483
"2254",2021-07-14,2.71545478391163
"2255",2021-07-15,2.67843205314756
"2256",2021-07-16,2.64988000678353
"2257",2021-07-17,2.64931803147308
"2258",2021-07-18,2.64708895819609
"2259",2021-07-19,2.62152967851089
"2260",2021-07-20,2.65886036446739
"2261",2021-07-21,2.69319189065749
"2262",2021-07-22,2.71927142551338
"2263",2021-07-23,2.7306403798644
"2264",2021-07-24,2.71631897407084
"2265",2021-07-25,2.7461053870239
"2266",2021-07-26,2.75416149760896
"2267",2021-07-27,2.81810967006029
"2268",2021-07-28,2.87875042662585
"2269",2021-07-29,3.15349306969187
"2270",2021-07-30,3.41670717511128
"2271",2021-07-31,3.47105940289897
"2272",2021-08-01,3.47498592635222
"2273",2021-08-02,3.47580837299734
"2274",2021-08-03,3.45476775667953
"2275",2021-08-04,3.43644825810337
"2276",2021-08-05,3.40986594844066
"2277",2021-08-06,3.35905796746052
"2278",2021-08-07,3.31676406009579
"2279",2021-08-08,3.26787148946052
"2280",2021-08-09,3.2225165314261
"2281",2021-08-10,3.17913364357595
"2282",2021-08-11,3.1074670897357
"2283",2021-08-12,2.99246953120026
"2284",2021-08-13,2.88460341924858
"2285",2021-08-14,2.85980422067716
"2286",2021-08-15,2.96180842834022
"2287",2021-08-16,3.02891834682966
"2288",2021-08-17,3.01761084294092
"2289",2021-08-18,2.9853690742611
"2290",2021-08-19,2.95482610124066
"2291",2021-08-20,2.91249200398671
"2292",2021-08-21,2.84296062739443
"2293",2021-08-22,2.81223834839941
"2294",2021-08-23,2.82373692823483
"2295",2021-08-24,2.80384909516281
"2296",2021-08-25,2.78688403458361
"2297",2021-08-26,2.78309091692599
"2298",2021-08-27,2.88676732809996
"2299",2021-08-28,3.37236636552371
"2300",2021-08-29,3.48067312719041
"2301",2021-08-30,3.4337171620476
"2302",2021-08-31,3.48970832098655
"2303",2021-09-01,3.54262448991566
"2304",2021-09-02,3.65094319218442
"2305",2021-09-03,3.68672680131235
"2306",2021-09-04,3.67972415793526
"2307",2021-09-05,3.71497903905135
"2308",2021-09-06,3.75143553647869
"2309",2021-09-07,3.82229768833268
"2310",2021-09-08,3.92534054045879
"2311",2021-09-09,3.90941102746181
"2312",2021-09-10,4.08425611243252
"2313",2021-09-11,4.24577420525995
"2314",2021-09-12,4.2727236864676
"2315",2021-09-13,4.38353576449538
"2316",2021-09-14,4.40978604036037
"2317",2021-09-15,4.43417110975675
"2318",2021-09-16,4.45012830959275
"2319",2021-09-17,4.43621926920099
"2320",2021-09-18,4.41200444531983
"2321",2021-09-19,4.42489808539628
"2322",2021-09-20,4.42178990723396
"2323",2021-09-21,4.4153513242913
"2324",2021-09-22,4.46472328385249
"2325",2021-09-23,4.46366138567592
"2326",2021-09-24,4.49391811798846
"2327",2021-09-25,4.49254805145612
"2328",2021-09-26,4.55087325507217
"2329",2021-09-27,4.61431725249722
"2330",2021-09-28,4.66374517279408
"2331",2021-09-29,4.74019369785422
"2332",2021-09-30,4.85867867107921
"2333",2021-10-01,5.14703547639474
"2334",2021-10-02,5.40375911384003
"2335",2021-10-03,5.46751690233818
"2336",2021-10-04,5.54911968937672
"2337",2021-10-05,5.56651178619747
"2338",2021-10-06,5.56318091553124
"2339",2021-10-07,5.54764353042877
"2340",2021-10-08,5.53169371186663
"2341",2021-10-09,5.48816120110806
"2342",2021-10-10,5.51410810397074
"2343",2021-10-11,5.51824662897367
"2344",2021-10-12,5.52079156798961
"2345",2021-10-13,5.52365275965577
"2346",2021-10-14,5.52535376339767
"2347",2021-10-15,5.52675497169326
"2348",2021-10-16,5.52797777804336
"2349",2021-10-17,5.43100147511946
"2350",2021-10-18,5.59427631426886
"2351",2021-10-19,5.82380764551968
"2352",2021-10-20,5.9284686031293
"2353",2021-10-21,6.4105464538778
"2354",2021-10-22,6.58790928256161
"2355",2021-10-23,6.67179234451226
"2356",2021-10-24,6.85536299383555
"2357",2021-10-25,7.58618562150733
"2358",2021-10-26,8.521676998687
"2359",2021-10-27,9.5
"2360",2021-10-28,9.5
"2361",2021-10-29,NA
"2362",2021-10-30,NA
"2363",2021-10-31,NA
"2364",2021-11-01,NA
"2365",2021-11-02,NA
"2366",2021-11-03,NA
"2367",2021-11-04,NA
"2368",2021-11-05,NA
"2369",2021-11-06,NA
"2370",2021-11-07,NA
"2371",2021-11-08,NA
"2372",2021-11-09,NA
"2373",2021-11-10,NA
"2374",2021-11-11,NA
"2375",2021-11-12,NA
"2376",2021-11-13,NA
"2377",2021-11-14,NA
"2378",2021-11-15,NA
"2379",2021-11-16,NA
"2380",2021-11-17,NA
"2381",2021-11-18,NA
"2382",2021-11-19,NA
"2383",2021-11-20,NA
"2384",2021-11-21,NA
"2385",2021-11-22,NA
"2386",2021-11-23,NA
"2387",2021-11-24,NA
"2388",2021-11-25,0.5
"2389",2021-11-26,2.44484902702292
"2390",2021-11-27,1.09134047624586
"2391",2021-11-28,0.5
"2392",2021-11-29,0.5
"2393",2021-11-30,0.5
"2394",2021-12-01,0.5
"2395",2021-12-02,0.5
"2396",2021-12-03,0.5
"2397",2021-12-04,0.5
"2398",2021-12-05,0.5
"2399",2021-12-06,0.5
"2400",2021-12-07,0.5
"2401",2021-12-08,0.5
"2402",2021-12-09,0.5
"2403",2021-12-10,0.5
"2404",2021-12-11,0.5
"2405",2021-12-12,0.5
"2406",2021-12-13,0.5
"2407",2021-12-14,0.5
"2408",2021-12-15,0.5
"2409",2021-12-16,0.5
"2410",2021-12-17,0.5
"2411",2021-12-18,0.5
"2412",2021-12-19,0.5
"2413",2021-12-20,0.5
"2414",2021-12-21,0.5
"2415",2021-12-22,0.5
"2416",2021-12-23,0.5
"2417",2021-12-24,0.5
"2418",2021-12-25,0.5
"2419",2021-12-26,0.5
"2420",2021-12-27,0.5
"2421",2021-12-28,0.5
"2422",2021-12-29,0.5
"2423",2021-12-30,0.5
"2424",2021-12-31,0.5
"2425",2022-01-01,0.5
"2426",2022-01-02,0.5
"2427",2022-01-03,0.5
"2428",2022-01-04,0.5
"2429",2022-01-05,0.5
"2430",2022-01-06,0.5
"2431",2022-01-07,0.5
"2432",2022-01-08,0.5
"2433",2022-01-09,0.5
"2434",2022-01-10,0.5
"2435",2022-01-11,0.5
"2436",2022-01-12,0.5
"2437",2022-01-13,0.5
"2438",2022-01-14,0.5
"2439",2022-01-15,0.5
"2440",2022-01-16,0.5
"2441",2022-01-17,0.5
"2442",2022-01-18,0.5
"2443",2022-01-19,0.5
"2444",2022-01-20,0.5
"2445",2022-01-21,0.5
"2446",2022-01-22,0.5
"2447",2022-01-23,0.5
"2448",2022-01-24,0.5
"2449",2022-01-25,0.5
"2450",2022-01-26,0.5
"2451",2022-01-27,0.5
"2452",2022-01-28,0.5
"2453",2022-01-29,0.5
"2454",2022-01-30,0.5
"2455",2022-01-31,0.5
"2456",2022-02-01,0.5
"2457",2022-02-02,0.5
"2458",2022-02-03,0.5
"2459",2022-02-04,0.5
"2460",2022-02-05,0.5
"2461",2022-02-06,0.5
"2462",2022-02-07,0.5
"2463",2022-02-08,0.5
"2464",2022-02-09,0.5
"2465",2022-02-10,0.5
"2466",2022-02-11,0.5
"2467",2022-02-12,0.5
"2468",2022-02-13,0.5
"2469",2022-02-14,0.5
"2470",2022-02-15,0.5
"2471",2022-02-16,0.5
"2472",2022-02-17,0.5
"2473",2022-02-18,0.5
"2474",2022-02-19,0.5
"2475",2022-02-20,0.5
"2476",2022-02-21,0.5
"2477",2022-02-22,0.5
"2478",2022-02-23,0.5
"2479",2022-02-24,0.5
"2480",2022-02-25,0.5
"2481",2022-02-26,0.5
"2482",2022-02-27,0.5
"2483",2022-02-28,0.5
"2484",2022-03-01,0.5
"2485",2022-03-02,0.5
"2486",2022-03-03,0.5
"2487",2022-03-04,0.5
"2488",2022-03-05,0.5
"2489",2022-03-06,0.5
"2490",2022-03-07,0.5
"2491",2022-03-08,0.5
"2492",2022-03-09,0.5
"2493",2022-03-10,0.5
"2494",2022-03-11,0.5
"2495",2022-03-12,0.5
"2496",2022-03-13,0.5
"2497",2022-03-14,0.5
"2498",2022-03-15,0.5
"2499",2022-03-16,0.5
"2500",2022-03-17,0.5
"2501",2022-03-18,0.5
"2502",2022-03-19,0.5
"2503",2022-03-20,0.5
"2504",2022-03-21,0.5
"2505",2022-03-22,0.5
"2506",2022-03-23,0.5
"2507",2022-03-24,0.5
"2508",2022-03-25,0.5
"2509",2022-03-26,0.5
"2510",2022-03-27,0.5
"2511",2022-03-28,0.5
"2512",2022-03-29,0.5
"2513",2022-03-30,0.5
"2514",2022-03-31,0.5
"2515",2022-04-01,0.5
"2516",2022-04-02,0.5
"2517",2022-04-03,0.5
"2518",2022-04-04,0.5
"2519",2022-04-05,0.5
"2520",2022-04-06,0.5
"2521",2022-04-07,0.5
"2522",2022-04-08,0.5
"2523",2022-04-09,0.5
"2524",2022-04-10,0.5
"2525",2022-04-11,0.5
"2526",2022-04-12,0.5
"2527",2022-04-13,0.5
"2528",2022-04-14,0.5
"2529",2022-04-15,0.5
"2530",2022-04-16,0.5
"2531",2022-04-17,0.5
"2532",2022-04-18,0.5
"2533",2022-04-19,0.5
"2534",2022-04-20,0.5
"2535",2022-04-21,0.5
"2536",2022-04-22,0.5
"2537",2022-04-23,0.5
"2538",2022-04-24,0.5
"2539",2022-04-25,0.5
"2540",2022-04-26,0.5
"2541",2022-04-27,0.5
"2542",2022-04-28,0.5
"2543",2022-04-29,0.5
"2544",2022-04-30,0.5
"2545",2022-05-01,0.5
"2546",2022-05-02,1.34173118730168
"2547",2022-05-03,1.28957487177059
"2548",2022-05-04,1.36347693977959
"2549",2022-05-05,1.49304273507193
"2550",2022-05-06,1.5281652568406
"2551",2022-05-07,1.56331606642671
"2552",2022-05-08,1.58676700211302
"2553",2022-05-09,1.55264739947447
"2554",2022-05-10,1.49567058533999
"2555",2022-05-11,1.40384276017682
"2556",2022-05-12,1.32903192594095
"2557",2022-05-13,1.37891075799048
"2558",2022-05-14,1.36644482780379
"2559",2022-05-15,1.46071021559461
"2560",2022-05-16,1.5158464198165
"2561",2022-05-17,1.61477117810121
"2562",2022-05-18,1.67927127406383
"2563",2022-05-19,1.77090447751127
"2564",2022-05-20,1.72924252002061
"2565",2022-05-21,1.64554784802928
"2566",2022-05-22,1.71290939483581
"2567",2022-05-23,1.78761925918836
"2568",2022-05-24,1.81417791442646
"2569",2022-05-25,1.73851167289214
"2570",2022-05-26,1.85332205712642
"2571",2022-05-27,2.01713736306477
"2572",2022-05-28,1.93610081210135
"2573",2022-05-29,1.92598792191923
"2574",2022-05-30,1.81314121685117
"2575",2022-05-31,1.89748160918953
"2576",2022-06-01,2.21084372985485
"2577",2022-06-02,2.14248236151241
"2578",2022-06-03,2.06962558424481
"2579",2022-06-04,2.24045208817714
"2580",2022-06-05,2.40455881592647
"2581",2022-06-06,2.37492046720119
"2582",2022-06-07,2.4447296826223
"2583",2022-06-08,2.43806542366547
"2584",2022-06-09,2.49318444787606
"2585",2022-06-10,2.51196272139915
"2586",2022-06-11,2.47019064197861
"2587",2022-06-12,2.46006689703859
"2588",2022-06-13,2.47147753131869
"2589",2022-06-14,2.46627030408916
"2590",2022-06-15,2.42255609290442
"2591",2022-06-16,2.45241802127846
"2592",2022-06-17,2.49277248102666
"2593",2022-06-18,2.59396165148994
"2594",2022-06-19,2.62207259209431
"2595",2022-06-20,2.56553564825837
"2596",2022-06-21,2.62726572215693
"2597",2022-06-22,2.58074732260777
"2598",2022-06-23,2.62264721508887
"2599",2022-06-24,2.57490794912622
"2600",2022-06-25,2.50392030996162
"2601",2022-06-26,2.39706858772574
"2602",2022-06-27,2.35814215671111
"2603",2022-06-28,2.44496154816591
"2604",2022-06-29,2.50128764891185
"2605",2022-06-30,2.50959916161458
"2606",2022-07-01,2.49424285348262
"2607",2022-07-02,2.51228761117708
"2608",2022-07-03,2.55291201432891
"2609",2022-07-04,2.5596768089248
"2610",2022-07-05,2.60407920013557
"2611",2022-07-06,2.60044163353035
"2612",2022-07-07,2.60723575597655
"2613",2022-07-08,2.61987259846873
"2614",2022-07-09,2.63614253138446
"2615",2022-07-10,2.62450358955216
"2616",2022-07-11,2.62492114350676
"2617",2022-07-12,2.65335627923318
"2618",2022-07-13,2.6322783073045
"2619",2022-07-14,2.64448434646574
"2620",2022-07-15,2.63859220410178
"2621",2022-07-16,2.63120189332884
"2622",2022-07-17,2.60521245925615
"2623",2022-07-18,2.62222840173336
"2624",2022-07-19,2.61183034054684
"2625",2022-07-20,2.59313519440384
"2626",2022-07-21,2.60551852455087
"2627",2022-07-22,2.60471326540311
"2628",2022-07-23,2.6027379467005
"2629",2022-07-24,2.61084494228439
"2630",2022-07-25,2.64083930617601
"2631",2022-07-26,2.67224434851982
"2632",2022-07-27,2.67892443705446
"2633",2022-07-28,2.69287925574742
"2634",2022-07-29,2.74280078877276
"2635",2022-07-30,2.81865919865495
"2636",2022-07-31,2.82692371003954
"2637",2022-08-01,2.78998140911284
"2638",2022-08-02,2.82229853684967
"2639",2022-08-03,2.84826391783656
"2640",2022-08-04,2.84359899948682
"2641",2022-08-05,2.81725665265739
"2642",2022-08-06,2.78347492177451
"2643",2022-08-07,2.76103105982416
"2644",2022-08-08,3.09928257600997
"2645",2022-08-09,3.29624422835572
"2646",2022-08-10,3.29662256519783
"2647",2022-08-11,3.32257020364042
"2648",2022-08-12,3.42857348118178
"2649",2022-08-13,3.40178655657489
"2650",2022-08-14,3.37831881679915
"2651",2022-08-15,3.35274331661582
"2652",2022-08-16,3.30550493762548
"2653",2022-08-17,3.25360906041207
"2654",2022-08-18,3.30005182223429
"2655",2022-08-19,3.25951979631467
"2656",2022-08-20,3.20887185954866
"2657",2022-08-21,3.16302056071019
"2658",2022-08-22,3.1293370430677
"2659",2022-08-23,3.08524310863068
"2660",2022-08-24,3.01705384667578
"2661",2022-08-25,3.04308311100512
"2662",2022-08-26,3.34273270543554
"2663",2022-08-27,3.40495706916247
"2664",2022-08-28,3.37345371114049
"2665",2022-08-29,3.34961049406159
"2666",2022-08-30,3.29128435862367
"2667",2022-08-31,3.37041801469128
"2668",2022-09-01,3.54265012358115
"2669",2022-09-02,3.55934441526852
"2670",2022-09-03,3.54174096319662
"2671",2022-09-04,3.54948243754335
"2672",2022-09-05,3.5836452741709
"2673",2022-09-06,3.6067799380008
"2674",2022-09-07,3.59373690218872
"2675",2022-09-08,3.58457312497705
"2676",2022-09-09,3.57240410959511
"2677",2022-09-10,3.55443817454592
"2678",2022-09-11,3.53681142217937
"2679",2022-09-12,3.51865736501354
"2680",2022-09-13,3.50010419373784
"2681",2022-09-14,3.57130259003918
"2682",2022-09-15,3.66226402900376
"2683",2022-09-16,3.70493314604129
"2684",2022-09-17,3.72892526982034
"2685",2022-09-18,3.89302843161213
"2686",2022-09-19,4.34730028206239
"2687",2022-09-20,4.48779697770045
"2688",2022-09-21,4.49526945631871
"2689",2022-09-22,4.55334539036019
"2690",2022-09-23,4.67345688547891
"2691",2022-09-24,4.75161904054434
"2692",2022-09-25,4.7435857707126
"2693",2022-09-26,4.78074898026687
"2694",2022-09-27,4.84364687514395
"2695",2022-09-28,5.13455505042377
"2696",2022-09-29,5.30149919611873
"2697",2022-09-30,5.37237097928271
"2698",2022-10-01,5.46265922311271
"2699",2022-10-02,5.56855350987357
"2700",2022-10-03,5.60130594753508
"2701",2022-10-04,5.61219229175013
"2702",2022-10-05,5.61618008776936
"2703",2022-10-06,5.61495640136685
"2704",2022-10-07,5.62444115431484
"2705",2022-10-08,5.84403694405233
"2706",2022-10-09,6.36995836878819
"2707",2022-10-10,6.54453938314233
"2708",2022-10-11,6.61590236116762
"2709",2022-10-12,6.63194886207039
"2710",2022-10-13,6.64033225383654
"2711",2022-10-14,6.64802584274896
"2712",2022-10-15,6.80175139437792
"2713",2022-10-16,7.10809190307544
"2714",2022-10-17,7.42020553445746
"2715",2022-10-18,7.50159583830373
"2716",2022-10-19,7.58104173444796
"2717",2022-10-20,8.43527929681458
"2718",2022-10-21,8.58014691265431
"2719",2022-10-22,9.5
"2720",2022-10-23,8.99045246738254
"2721",2022-10-24,8.98375323757469
"2722",2022-10-25,8.98408186607477
"2723",2022-10-26,8.98783207653186
"2724",2022-10-27,8.99317898580102
"2725",2022-10-28,8.8843681956806
"2726",2022-10-29,9.5
"2727",2022-10-30,9.5
"2728",2022-10-31,9.5
"2729",2022-11-01,9.5
"2730",2022-11-02,NA
"2731",2022-11-03,NA
"2732",2022-11-04,NA
"2733",2022-11-05,1.59201291716951
"2734",2022-11-06,2.24970191635629
"2735",2022-11-07,4.53512576510874
"2736",2022-11-08,NA
"2737",2022-11-09,NA
"2738",2022-11-10,NA
"2739",2022-11-11,NA
"2740",2022-11-12,NA
"2741",2022-11-13,NA
"2742",2022-11-14,NA
"2743",2022-11-15,NA
"2744",2022-11-16,NA
"2745",2022-11-17,NA
"2746",2022-11-18,NA
"2747",2022-11-19,NA
"2748",2022-11-20,NA
"2749",2022-11-21,NA
"2750",2022-11-22,NA
"2751",2022-11-23,NA
"2752",2022-11-24,0.5
"2753",2022-11-25,2.50232194945728
"2754",2022-11-26,3.50057108556733
"2755",2022-11-27,NA
"2756",2022-11-28,3.68139319186288
"2757",2022-11-29,1.09506822103851
"2758",2022-11-30,3.66086420080145
"2759",2022-12-01,3.54096976058772
"2760",2022-12-02,1.48251661712927
"2761",2022-12-03,3.54950732217444
"2762",2022-12-04,0.5
"2763",2022-12-05,2.84638171332746
"2764",2022-12-06,2.77521109729373
"2765",2022-12-07,3.36757916854271
"2766",2022-12-08,0.5
"2767",2022-12-09,0.5
"2768",2022-12-10,0.5
"2769",2022-12-11,0.5
"2770",2022-12-12,0.5
"2771",2022-12-13,0.5
"2772",2022-12-14,0.5
"2773",2022-12-15,0.5
"2774",2022-12-16,0.5
"2775",2022-12-17,0.5
"2776",2022-12-18,0.5
"2777",2022-12-19,0.5
"2778",2022-12-20,0.5
"2779",2022-12-21,0.5
"2780",2022-12-22,0.5
"2781",2022-12-23,0.5
"2782",2022-12-24,0.5
"2783",2022-12-25,0.5
"2784",2022-12-26,0.5
"2785",2022-12-27,0.5
"2786",2022-12-28,0.5
"2787",2022-12-29,0.5
"2788",2022-12-30,0.5
"2789",2022-12-31,0.5
